game_id,season,week,margin,total,pred_margin,pred_total,pred_probability
2020_01_HOU_KC,2020,1,14.0,54.0,9.678579661742644,49.987062001724794,0.729606729531636
2020_01_ARI_SF,2020,1,-4.0,44.0,10.286635293268075,47.72017669481429,0.7446376086056221
2020_01_CHI_DET,2020,1,-4.0,50.0,-0.04189738057921799,40.652431681795015,0.4383968630371899
2020_01_CLE_BAL,2020,1,32.0,44.0,12.176502354198714,47.316562832897034,0.7877397167618789
2020_01_DAL_LA,2020,1,3.0,37.0,1.9050238293060067,48.89878703422589,0.5001873792223909
2020_01_GB_MIN,2020,1,-9.0,77.0,2.928240575506445,46.87069466646022,0.5327800181624848
2020_01_IND_JAX,2020,1,7.0,47.0,0.38333416554276667,44.41512821557387,0.45179697534684055
2020_01_LAC_CIN,2020,1,-3.0,29.0,-0.8187361768577603,45.06484628610821,0.41416037733215744
2020_01_LV_CAR,2020,1,-4.0,64.0,1.854775601768389,48.01305467439596,0.4985845082433332
2020_01_MIA_NE,2020,1,10.0,32.0,12.724957818397392,46.14023362718336,0.7992053959281428
2020_01_NYJ_BUF,2020,1,10.0,44.0,6.028682971056895,39.71836602473074,0.6287630834263903
2020_01_PHI_WAS,2020,1,10.0,44.0,-3.887145477722925,43.87908069689726,0.3233735607855742
2020_01_SEA_ATL,2020,1,-13.0,63.0,1.7863148685141836,48.1386013649331,0.4964007287674838
2020_01_TB_NO,2020,1,11.0,57.0,7.715136100649399,51.82249472651806,0.6774548180834039
2020_01_PIT_NYG,2020,1,-10.0,42.0,-0.5065399109089288,41.211929496888416,0.423857520234563
2020_01_TEN_DEN,2020,1,-2.0,30.0,-1.0246772239340993,44.42708516343705,0.4077993743148234
2020_02_CIN_CLE,2020,2,5.0,65.0,4.8157124292614,43.78036130760158,0.591976763745844
2020_02_ATL_DAL,2020,2,1.0,79.0,5.515937846041591,48.78389297161458,0.6133674880820665
2020_02_BAL_HOU,2020,2,-17.0,49.0,-5.514153710909829,50.958353493619136,0.2797077479924655
2020_02_BUF_MIA,2020,2,-3.0,59.0,-2.6066678522925764,44.44187387298696,0.3601008048612477
2020_02_CAR_TB,2020,2,14.0,48.0,7.8306129456682605,49.04509535650955,0.6806659839449182
2020_02_DEN_PIT,2020,2,5.0,47.0,5.036045816844361,40.14815583841669,0.5987494135494819
2020_02_DET_GB,2020,2,21.0,63.0,9.649509028859027,49.6392442847014,0.7288743308160948
2020_02_JAX_TEN,2020,2,3.0,63.0,7.752611124622085,45.05791174840538,0.6784987747394879
2020_02_KC_LAC,2020,2,-3.0,43.0,-4.733139034681315,45.59338580643671,0.3002186308185728
2020_02_LA_PHI,2020,2,-18.0,56.0,1.7921524922334195,45.20872731327647,0.4965869347296281
2020_02_MIN_IND,2020,2,17.0,39.0,0.688681524843489,47.47689880861267,0.46146369469409737
2020_02_NE_SEA,2020,2,5.0,65.0,0.484135041519248,46.89024859455386,0.45498448300161476
2020_02_NYG_CHI,2020,2,4.0,30.0,7.03060142948422,43.2325112976012,0.6580812779994064
2020_02_SF_NYJ,2020,2,-18.0,44.0,-4.417923309734324,43.32162543707128,0.30873572583201725
2020_02_WAS_ARI,2020,2,15.0,45.0,6.503719430531408,43.36130235396094,0.642797542532269
2020_02_NO_LV,2020,2,10.0,58.0,-6.136510910495465,49.47623232130462,0.2639919689259355
2020_03_MIA_JAX,2020,3,-18.0,44.0,4.917281824468542,47.70112343757315,0.5951033312771717
2020_03_CAR_LAC,2020,3,-5.0,37.0,6.613872124841528,46.684219784136694,0.6460182012168668
2020_03_CHI_ATL,2020,3,-4.0,56.0,2.513644748267714,46.950761580464935,0.5195918213049158
2020_03_CIN_PHI,2020,3,0.0,46.0,6.868326760394201,45.59073801116721,0.653407153503497
2020_03_DAL_SEA,2020,3,7.0,69.0,2.952331347593038,52.33825115820798,0.5335451121556004
2020_03_DET_ARI,2020,3,-3.0,49.0,7.308974780861895,47.861773033150484,0.6660280688575186
2020_03_GB_NO,2020,3,-7.0,67.0,3.9829574465865756,51.27795947828285,0.5660827987596685
2020_03_HOU_PIT,2020,3,7.0,49.0,5.886268949562222,45.34844680305359,0.6245116521447586
2020_03_LA_BUF,2020,3,3.0,67.0,1.9264003898331676,47.356814428227864,0.500869272049981
2020_03_LV_NE,2020,3,16.0,56.0,7.4187345737526265,47.972064756601036,0.6691359820296785
2020_03_NYJ_IND,2020,3,29.0,43.0,6.876575985442885,44.18834611670198,0.6536454871225461
2020_03_SF_NYG,2020,3,-27.0,45.0,-5.447924548299898,46.19484082513139,0.28141346896535935
2020_03_TB_DEN,2020,3,-18.0,38.0,-0.6180017579370318,44.07365207677901,0.42038825500381755
2020_03_TEN_MIN,2020,3,-1.0,61.0,0.05750381572442764,48.04696332784679,0.44152194234843656
2020_03_WAS_CLE,2020,3,14.0,54.0,5.959744361821812,43.343844247950074,0.6267075292751729
2020_03_KC_BAL,2020,3,-14.0,54.0,4.578060545151411,51.22491757755651,0.5846324833037833
2020_04_DEN_NYJ,2020,4,-9.0,65.0,0.07884658320807603,39.14929020207257,0.4421935519173942
2020_04_ARI_CAR,2020,4,10.0,52.0,-1.495722249427701,48.28691388077922,0.3933686994293216
2020_04_BAL_WAS,2020,4,-14.0,48.0,-9.936634898263476,45.10636005429248,0.18090842111041414
2020_04_BUF_LV,2020,4,-7.0,53.0,-0.6157342642245798,49.88167601169444,0.4204587539589395
2020_04_CLE_DAL,2020,4,-11.0,87.0,7.161012589149339,50.4667095840195,0.661815542843431
2020_04_IND_CHI,2020,4,-8.0,30.0,1.1116361042757232,44.455857946095115,0.47490011660403375
2020_04_JAX_CIN,2020,4,8.0,58.0,1.4772704525342486,47.177768357551855,0.48654566716185255
2020_04_LAC_TB,2020,4,7.0,69.0,5.486093290271992,45.82542399598803,0.6124640256796648
2020_04_MIN_HOU,2020,4,-8.0,54.0,0.45281611378296516,47.842824357334436,0.45399371384485576
2020_04_NO_DET,2020,4,-6.0,64.0,-5.410170290122345,50.26056015112187,0.2823886504410169
2020_04_NYG_LA,2020,4,8.0,26.0,11.425580527828583,47.80886564709931,0.7712776213362577
2020_04_PHI_SF,2020,4,-5.0,45.0,9.2119598011742,46.86086652344462,0.7177015834144579
2020_04_SEA_MIA,2020,4,-8.0,54.0,-1.622814363061479,51.20734163600636,0.3895057215127986
2020_04_ATL_GB,2020,4,14.0,46.0,8.623883067762218,52.90294248680528,0.7022536237533348
2020_04_NE_KC,2020,4,16.0,36.0,6.289899688005832,49.17540936527337,0.6365090939686736
2020_05_TB_CHI,2020,5,1.0,39.0,0.6195420679385635,46.53268245363351,0.4592720664403891
2020_05_ARI_NYJ,2020,5,-20.0,40.0,-0.7549510726563726,45.072860494684164,0.4161364663874939
2020_05_CAR_ATL,2020,5,-7.0,39.0,4.870076925793218,52.157566061099885,0.5936511861429267
2020_05_CIN_BAL,2020,5,24.0,30.0,14.031585648149703,48.9700661754065,0.8246328716471231
2020_05_IND_CLE,2020,5,9.0,55.0,-0.41063885057257776,48.03295533683258,0.4268484860235699
2020_05_JAX_HOU,2020,5,16.0,44.0,3.669579625560831,48.651305991949485,0.556236228226999
2020_05_LA_WAS,2020,5,-20.0,40.0,-5.907379316246894,45.32335322685459,0.2697116651320293
2020_05_LV_KC,2020,5,-8.0,72.0,12.821752634126407,50.96624766444174,0.8011800632983892
2020_05_MIA_SF,2020,5,-26.0,60.0,8.281147877260706,48.50030228017628,0.693029469171267
2020_05_MIN_SEA,2020,5,1.0,53.0,6.903870893400981,51.39517354927827,0.6544335317610253
2020_05_NYG_DAL,2020,5,3.0,71.0,10.980522730297396,49.19013519984694,0.7611058024799253
2020_05_PHI_PIT,2020,5,9.0,67.0,7.1134535342986105,42.810346559618395,0.6604560153576096
2020_05_LAC_NO,2020,5,3.0,57.0,9.207063956473633,51.10802739266097,0.7175749996900971
2020_05_BUF_TEN,2020,5,26.0,58.0,5.049619067364855,51.429879193078435,0.5991654286608099
2020_06_ATL_MIN,2020,6,-17.0,63.0,5.167299557657335,49.181547210638634,0.6027662442519577
2020_06_BAL_PHI,2020,6,-2.0,58.0,-7.435842937998748,46.589189389749656,0.23306000786279193
2020_06_CHI_CAR,2020,6,-7.0,39.0,-0.627889696233062,46.73886500517294,0.4200808657657115
2020_06_CIN_IND,2020,6,4.0,58.0,9.059040658401415,45.5352037434446,0.7137316070677182
2020_06_CLE_PIT,2020,6,31.0,45.0,5.519212265242372,49.0588190323987,0.6134665648115826
2020_06_DEN_NE,2020,6,-6.0,30.0,7.476357601575339,40.79075514129038,0.6707617446744322
2020_06_DET_JAX,2020,6,-18.0,50.0,0.9161322423121165,48.414102068227734,0.4686836439272904
2020_06_GB_TB,2020,6,28.0,48.0,-1.0450735985145347,50.62416081608849,0.4071710226203085
2020_06_HOU_TEN,2020,6,6.0,78.0,9.506172515308199,45.29702771440063,0.7252449832957867
2020_06_LA_SF,2020,6,8.0,40.0,0.9562586977391552,46.06409373863373,0.46995882339022765
2020_06_NYJ_MIA,2020,6,24.0,24.0,9.243629001688141,46.52731281114062,0.7185195692992712
2020_06_WAS_NYG,2020,6,1.0,39.0,2.528364817341441,42.16957962700522,0.5200606403817211
2020_06_ARI_DAL,2020,6,-28.0,48.0,4.439647612812009,52.42150820532731,0.5803374226932472
2020_06_KC_BUF,2020,6,-9.0,43.0,-3.333945385369025,51.81299584249506,0.33900649787947895
2020_07_NYG_PHI,2020,7,1.0,43.0,7.354943896516575,44.460832766984545,0.6673314862619996
2020_07_BUF_NYJ,2020,7,-8.0,28.0,-4.471849934204554,45.5948496768152,0.3072691646689187
2020_07_CAR_NO,2020,7,3.0,51.0,11.71012776928153,51.83180381640676,0.777619366418224
2020_07_CLE_CIN,2020,7,-3.0,71.0,-0.2996290817477756,49.5870809184588,0.43031734132614197
2020_07_DAL_WAS,2020,7,22.0,28.0,-2.6775949708880726,49.48322994361378,0.3580180683074631
2020_07_DET_ATL,2020,7,-1.0,45.0,5.407647144858771,51.4332489348632,0.6100856054718096
2020_07_GB_HOU,2020,7,-15.0,55.0,-2.1745834276058384,52.59077640499337,0.37290036237372953
2020_07_JAX_LAC,2020,7,10.0,68.0,7.981679397361994,47.092972002132676,0.684841045859193
2020_07_KC_DEN,2020,7,-27.0,59.0,-6.119844974521433,46.73923130770093,0.2644053586405319
2020_07_PIT_TEN,2020,7,-3.0,51.0,4.424809608466344,50.935571501270914,0.579876252655806
2020_07_SEA_ARI,2020,7,3.0,71.0,-1.5887438353642662,50.101824285189814,0.3905399610018307
2020_07_SF_NE,2020,7,-27.0,39.0,1.4300856581892882,45.716185828417046,0.4850417294609734
2020_07_TB_LV,2020,7,-25.0,65.0,-0.5053727669130361,51.56042031530121,0.4238938881150933
2020_07_CHI_LA,2020,7,14.0,34.0,5.4806781241127975,44.42952273382557,0.6123000131736561
2020_08_ATL_CAR,2020,8,-8.0,42.0,0.11610102238521547,50.42326324066956,0.44336637185106126
2020_08_DAL_PHI,2020,8,14.0,32.0,5.2644734517247915,49.39479440367039,0.6057312458323041
2020_08_IND_DET,2020,8,-20.0,62.0,-3.0011992767089732,48.43124983873372,0.34858439343665293
2020_08_LAC_DEN,2020,8,1.0,61.0,1.0365708484509617,45.53125467654495,0.47251222675481586
2020_08_LA_MIA,2020,8,11.0,45.0,2.0333586910708865,48.54052226673667,0.5042810451204466
2020_08_LV_CLE,2020,8,-10.0,22.0,5.392173859833726,52.70020709978452,0.6096158458647363
2020_08_MIN_GB,2020,8,-6.0,50.0,6.557190481439717,50.77288893413111,0.6443625687108743
2020_08_NE_BUF,2020,8,3.0,45.0,4.312586882149697,45.82583540698205,0.5763838702375081
2020_08_NO_CHI,2020,8,-3.0,49.0,-1.900450915235362,46.693404201635765,0.38111558482987007
2020_08_NYJ_KC,2020,8,26.0,44.0,18.777401978251383,45.034210494443954,0.8960052904075415
2020_08_PIT_BAL,2020,8,-4.0,52.0,8.652051906884914,46.718938078711616,0.703004610369966
2020_08_SF_SEA,2020,8,10.0,64.0,2.722846977736484,53.22878409206125,0.5262510664988118
2020_08_TEN_CIN,2020,8,11.0,51.0,-6.5781966479467116,53.57464559489728,0.2531882404832813
2020_08_TB_NYG,2020,8,-2.0,48.0,-7.089971193887134,46.098237390017374,0.2410410273179898
2020_09_GB_SF,2020,9,-17.0,51.0,1.8018450144620797,51.39241310691956,0.4968961046203066
2020_09_BAL_IND,2020,9,-14.0,34.0,-1.5385351620184902,48.04730299965639,0.39206587995255315
2020_09_CAR_KC,2020,9,2.0,64.0,15.109585063224678,50.57335510171627,0.8436453798456333
2020_09_CHI_TEN,2020,9,7.0,41.0,7.38963479680273,47.540573512419996,0.6683134274072237
2020_09_DEN_ATL,2020,9,7.0,61.0,5.990134000391112,47.818414092326535,0.6276142314230311
2020_09_DET_MIN,2020,9,14.0,54.0,6.071264610275975,48.38752128462353,0.6300304277068878
2020_09_HOU_JAX,2020,9,-2.0,52.0,-0.439770494091261,50.31494330505202,0.42593935089320145
2020_09_LV_LAC,2020,9,-5.0,57.0,3.9570274201394593,51.749524008571015,0.5652699248390959
2020_09_MIA_ARI,2020,9,-3.0,65.0,3.443152662506049,46.67151718667094,0.5490936661108189
2020_09_NO_TB,2020,9,-35.0,41.0,3.087040745735636,52.24811500658056,0.537820312817474
2020_09_NYG_WAS,2020,9,-3.0,43.0,4.547798653673015,43.235412968637554,0.5836945071742978
2020_09_PIT_DAL,2020,9,-5.0,43.0,-4.839142708900946,46.955813725660576,0.2973847524378085
2020_09_SEA_BUF,2020,9,10.0,78.0,-0.12024968005140746,52.0449368295981,0.43593696819315375
2020_09_NE_NYJ,2020,9,-3.0,57.0,-4.383416911135878,41.07443158538147,0.3096761735353
2020_10_IND_TEN,2020,10,-17.0,51.0,5.2343533928113075,50.40707801140332,0.6048130338261373
2020_10_BAL_NE,2020,10,6.0,40.0,-5.993825466194828,44.26022025154936,0.2675445976878303
2020_10_BUF_ARI,2020,10,2.0,62.0,3.093137731000421,51.044721003069704,0.538013682880178
2020_10_CIN_PIT,2020,10,26.0,46.0,9.888601585373946,49.226746604244234,0.7348608292978275
2020_10_DEN_LV,2020,10,25.0,49.0,4.262596478946085,48.686583833503434,0.5748256818624061
2020_10_HOU_CLE,2020,10,3.0,17.0,4.941704274703746,50.90200363717095,0.5958539780371627
2020_10_JAX_GB,2020,10,4.0,44.0,13.934230557650118,51.632095531690545,0.8228292077009816
2020_10_LAC_MIA,2020,10,8.0,50.0,6.9446258528366815,50.30413011533444,0.6556086101183499
2020_10_PHI_NYG,2020,10,10.0,44.0,-2.8859201738101503,43.460512968318774,0.3519318582237618
2020_10_SEA_LA,2020,10,7.0,39.0,3.138082816875058,50.74214627927847,0.5394387903900666
2020_10_SF_NO,2020,10,14.0,40.0,6.910786814814493,52.542196210462414,0.654633070312503
2020_10_TB_CAR,2020,10,-23.0,69.0,-3.91536642015276,49.23604655379358,0.3225861756271158
2020_10_WAS_DET,2020,10,3.0,57.0,3.372893513483766,46.03780623880595,0.5468731048216042
2020_10_MIN_CHI,2020,10,-6.0,32.0,1.064000813358979,45.151257884894584,0.47338465733092233
2020_11_ARI_SEA,2020,11,7.0,49.0,3.3335452840671467,55.53982317274188,0.5456286711830258
2020_11_ATL_NO,2020,11,15.0,33.0,6.705953960734126,53.198752231386834,0.6487003882676726
2020_11_CIN_WAS,2020,11,11.0,29.0,2.4239314810814623,47.30167956969537,0.5167338301812378
2020_11_DAL_MIN,2020,11,-3.0,59.0,5.039620729760419,48.467534054317404,0.5988589971374011
2020_11_DET_CAR,2020,11,20.0,20.0,1.5564498331046646,50.65658003856932,0.48906991336818767
2020_11_GB_IND,2020,11,3.0,65.0,1.4539345833631614,51.409511026179445,0.4858018425711774
2020_11_KC_LV,2020,11,-4.0,66.0,-7.311059238367397,54.2988115845859,0.23591803533219274
2020_11_MIA_DEN,2020,11,7.0,33.0,-4.106075017978258,45.03294913020834,0.31729177618895693
2020_11_NE_HOU,2020,11,7.0,47.0,0.11851173570943008,48.31055913176053,0.44344228624996085
2020_11_NYJ_LAC,2020,11,6.0,62.0,7.52352708110814,45.68075881715815,0.672089539796948
2020_11_PHI_CLE,2020,11,5.0,39.0,1.5786350901153599,45.61999241611416,0.48977728700959466
2020_11_PIT_JAX,2020,11,-24.0,30.0,-9.211042073483434,46.178643342019,0.19503467603419566
2020_11_TEN_BAL,2020,11,-6.0,54.0,5.757538623707045,48.371454387271534,0.6206521076858325
2020_11_LA_TB,2020,11,-3.0,51.0,3.7693667068840764,48.19101590604587,0.559376791551492
2020_12_HOU_DET,2020,12,-16.0,66.0,-0.05497654817659692,49.384340007416895,0.43798602451540414
2020_12_WAS_DAL,2020,12,-25.0,57.0,1.8932888227947515,45.790656004851684,0.4998130427353574
2020_12_ARI_NE,2020,12,3.0,37.0,0.36687475844925865,49.15321098625838,0.45127686721066357
2020_12_CAR_MIN,2020,12,1.0,55.0,6.548934305236662,47.20467117672615,0.6441211218455054
2020_12_CHI_GB,2020,12,16.0,66.0,6.964965386641282,46.805515925244585,0.6561943451104167
2020_12_CLE_JAX,2020,12,-2.0,52.0,-3.4863074640354,44.39312360987324,0.33466389468008434
2020_12_KC_TB,2020,12,-3.0,51.0,-3.5141204600200084,53.44763361588379,0.3338741597289631
2020_12_LAC_BUF,2020,12,10.0,44.0,7.382577346039399,52.40698907132273,0.668113781426211
2020_12_LV_ATL,2020,12,37.0,49.0,2.352856142984347,52.94315550764913,0.5144687999815878
2020_12_MIA_NYJ,2020,12,-17.0,23.0,-8.167255759775319,42.89954038193382,0.2167956690052134
2020_12_NO_DEN,2020,12,-28.0,34.0,-8.192719692994164,45.934973897526575,0.2162444931471587
2020_12_NYG_CIN,2020,12,-2.0,36.0,-0.024992226350870617,47.269796661588714,0.4389280072841778
2020_12_SF_LA,2020,12,-3.0,43.0,2.71006601534795,47.23021272559825,0.5258444714136566
2020_12_TEN_IND,2020,12,-19.0,71.0,3.179453120332032,50.869575055222846,0.5407499804878014
2020_12_SEA_PHI,2020,12,-6.0,40.0,-1.723351945558155,48.96963839636905,0.3864596393491933
2020_12_BAL_PIT,2020,12,5.0,33.0,4.718476434756401,45.94545565047629,0.5889765944916856
2020_13_CIN_MIA,2020,13,12.0,26.0,9.831884644733357,46.08208723163666,0.7334483974276697
2020_13_CLE_TEN,2020,13,-6.0,76.0,6.597696801303254,51.251014690257335,0.6455460857290565
2020_13_DEN_KC,2020,13,6.0,38.0,15.970147802111622,49.71736132318969,0.8575893295926651
2020_13_DET_CHI,2020,13,-4.0,64.0,5.054604271124216,44.48745565782406,0.5993181874689159
2020_13_IND_HOU,2020,13,-6.0,46.0,0.6228183554715885,51.45201102225252,0.4593758854954419
2020_13_JAX_MIN,2020,13,3.0,51.0,9.91320109067778,47.96146142263915,0.7354719455161184
2020_13_LA_ARI,2020,13,-10.0,66.0,0.35555733859936156,48.47167422865502,0.4509193047027415
2020_13_LV_NYJ,2020,13,-3.0,59.0,-5.710677860856057,43.98365217147642,0.274683709828654
2020_13_NE_LAC,2020,13,-45.0,45.0,0.2991135656343218,49.421762215920396,0.44913678428578724
2020_13_NO_ATL,2020,13,-5.0,37.0,-5.0980555685576014,49.962748818914726,0.2905284154871928
2020_13_NYG_SEA,2020,13,-5.0,29.0,8.746500932466363,49.74186574611751,0.7055146337091005
2020_13_PHI_GB,2020,13,14.0,46.0,8.72270876141338,48.923957959387906,0.7048835116456856
2020_13_BUF_SF,2020,13,-10.0,58.0,-2.398051066227645,48.58207991311783,0.3662570841336156
2020_13_WAS_PIT,2020,13,-6.0,40.0,9.663973985696453,37.861605821131526,0.7292389132408541
2020_13_DAL_BAL,2020,13,17.0,51.0,8.629207210580734,44.719452323485996,0.7023956502331282
2020_14_NE_LA,2020,14,21.0,27.0,3.2069822560713264,46.023858973882454,0.541622177317063
2020_14_ARI_NYG,2020,14,-19.0,33.0,-0.19782776746666686,46.08091141112627,0.43350448200977015
2020_14_ATL_LAC,2020,14,3.0,37.0,-3.0154140204253532,50.12315720562361,0.34817265198015257
2020_14_DAL_CIN,2020,14,-23.0,37.0,0.7647597133124422,51.664934789123826,0.4638769907701489
2020_14_DEN_CAR,2020,14,-5.0,59.0,5.135661335057412,45.467379364050345,0.6017992461919832
2020_14_GB_DET,2020,14,-7.0,55.0,-7.387631623217347,53.09884694979803,0.23416136793105008
2020_14_HOU_CHI,2020,14,29.0,43.0,1.1163063737593402,46.99550202826199,0.4750487209323769
2020_14_IND_LV,2020,14,-17.0,71.0,-0.07643551756784905,51.70950996910675,0.4373121468579677
2020_14_KC_MIA,2020,14,-6.0,60.0,-3.4047230650124196,49.78631437434337,0.33698577644591793
2020_14_MIN_TB,2020,14,12.0,40.0,5.392317688589011,50.76502085456091,0.6096202133566924
2020_14_NO_PHI,2020,14,3.0,45.0,-8.769777631915423,44.2034363600614,0.20402617235066092
2020_14_NYJ_SEA,2020,14,37.0,43.0,14.084064381850808,45.90107751324859,0.8255991146546492
2020_14_PIT_BUF,2020,14,11.0,41.0,-0.6521934886996572,49.154232251973184,0.4193255905117139
2020_14_TEN_JAX,2020,14,-21.0,41.0,-7.133949572418997,50.83565289969751,0.24001595254272423
2020_14_WAS_SF,2020,14,-8.0,38.0,0.023462645603566923,44.69616792857138,0.44045118578991455
2020_14_BAL_CLE,2020,14,-5.0,89.0,-2.389352398440191,47.3877389372144,0.3665147489745093
2020_15_LAC_LV,2020,15,-3.0,57.0,5.606897419315125,51.81322964256066,0.6161162077849343
2020_15_BUF_DEN,2020,15,-29.0,67.0,-4.576998384606286,46.728805611055414,0.30442078962814706
2020_15_CAR_GB,2020,15,8.0,40.0,11.574493390235142,52.83037190845293,0.7746122280940637
2020_15_CHI_MIN,2020,15,-6.0,60.0,3.611042611456715,46.76152589712587,0.5543918034145223
2020_15_CLE_NYG,2020,15,-14.0,26.0,-0.5536495933568149,46.64987344568333,0.4223902883083782
2020_15_DET_TEN,2020,15,21.0,71.0,10.88942917695388,52.461793806722596,0.7589860153525616
2020_15_HOU_IND,2020,15,7.0,47.0,8.614692666965775,51.067710933798175,0.70200836939801
2020_15_JAX_BAL,2020,15,26.0,54.0,13.748112935712795,46.79006569978034,0.8193406175237293
2020_15_KC_NO,2020,15,-3.0,61.0,0.6926820604519581,52.83789501069797,0.46159055274561916
2020_15_NE_MIA,2020,15,10.0,34.0,2.7648736706951467,42.76700565435262,0.5275877947182933
2020_15_NYJ_LA,2020,15,-3.0,43.0,17.58359979792206,41.32980093674355,0.88093153880458
2020_15_PHI_ARI,2020,15,7.0,59.0,5.927212358489683,47.33690827449706,0.6257359200151327
2020_15_SEA_WAS,2020,15,-5.0,35.0,-3.522230409122669,46.22677103175382,0.3336440572146818
2020_15_SF_DAL,2020,15,8.0,74.0,0.006976893074623014,48.10595720565255,0.4399328289672333
2020_15_TB_ATL,2020,15,-4.0,58.0,-0.24241300950617006,48.91480012638715,0.4321079380595052
2020_15_PIT_CIN,2020,15,10.0,44.0,-10.039570805918098,42.863433040867484,0.17897032895576867
2020_16_MIN_NO,2020,16,19.0,85.0,8.953803462022547,50.542918380293294,0.7109801794350947
2020_16_MIA_LV,2020,16,-1.0,51.0,-2.0586540505132223,46.941178159785025,0.37636590335073866
2020_16_SF_ARI,2020,16,-8.0,32.0,5.161552850479139,49.007082481655566,0.6025906599510134
2020_16_TB_DET,2020,16,-40.0,54.0,-5.521253012699054,51.75980680124273,0.27952528237952734
2020_16_ATL_KC,2020,16,3.0,31.0,10.954059720896785,51.877013029179835,0.7604913173855695
2020_16_CAR_WAS,2020,16,-7.0,33.0,4.536155034337338,43.65871652560152,0.583333447897022
2020_16_CHI_JAX,2020,16,-24.0,58.0,-4.876453954719487,46.35079967073845,0.2963909608554383
2020_16_CIN_HOU,2020,16,-6.0,68.0,4.873251077652444,46.00868538789664,0.5937488829557012
2020_16_CLE_NYJ,2020,16,7.0,39.0,-7.170120751909332,45.800500425486256,0.23917509094123215
2020_16_DEN_LAC,2020,16,3.0,35.0,4.087575158063177,47.085229331259214,0.5693587807026889
2020_16_IND_PIT,2020,16,4.0,52.0,2.1982997517150293,47.68528437731203,0.5095414677074599
2020_16_LA_SEA,2020,16,11.0,29.0,3.247447072720811,47.022226499484155,0.5429037468213957
2020_16_NYG_BAL,2020,16,14.0,40.0,12.49429101653233,42.834112973755545,0.7944406009902059
2020_16_PHI_DAL,2020,16,20.0,54.0,2.497232377792596,48.30238578694634,0.5190690635216545
2020_16_TEN_GB,2020,16,26.0,54.0,3.5876047902506536,56.30203141454544,0.5536528852015895
2020_16_BUF_NE,2020,16,-29.0,47.0,-2.2515264719702786,46.705797898866564,0.3706074234331491
2020_17_ARI_LA,2020,17,11.0,25.0,3.727948185853702,45.47924334611778,0.5580738032177417
2020_17_ATL_TB,2020,17,17.0,71.0,7.690719153040849,49.682093571262165,0.6767736709649306
2020_17_BAL_CIN,2020,17,-35.0,41.0,-8.25076262452384,46.39715965024253,0.21499192853329158
2020_17_DAL_NYG,2020,17,4.0,42.0,-2.046064008793692,43.832508002955194,0.3767430344101047
2020_17_GB_CHI,2020,17,-19.0,51.0,-2.806598889388168,50.48287620520378,0.35424368583285165
2020_17_JAX_IND,2020,17,14.0,42.0,14.089990968653371,49.05138590269877,0.8257079711756063
2020_17_LAC_KC,2020,17,-17.0,59.0,13.08202518545868,51.6014591582951,0.8064172186299702
2020_17_LV_DEN,2020,17,-1.0,63.0,-0.6522803044569834,47.04981968024133,0.4193228932625865
2020_17_MIA_BUF,2020,17,30.0,82.0,4.592345880297718,47.65993038204051,0.5850750488810691
2020_17_MIN_DET,2020,17,-2.0,72.0,-2.1540717453677156,52.50802118853996,0.3735125911170628
2020_17_NO_CAR,2020,17,-26.0,40.0,-7.1204148506850125,48.90932976784975,0.240331110067881
2020_17_NYJ_NE,2020,17,14.0,42.0,9.399206078009058,37.4947697363923,0.7225169657241404
2020_17_PIT_CLE,2020,17,2.0,46.0,-1.3265214602339959,48.19684206211033,0.39853226712340084
2020_17_SEA_SF,2020,17,-3.0,49.0,-7.992877547060653,45.2446845389875,0.2205974228579871
2020_17_TEN_HOU,2020,17,-3.0,79.0,-4.060331050208363,55.0204257291504,0.3185574703457772
2020_17_WAS_PHI,2020,17,-6.0,34.0,0.8321601749536804,43.11954026243921,0.46601643636680296
2020_18_IND_BUF,2020,18,3.0,51.0,5.949001082794877,53.03532676034782,0.6263867803520369
2020_18_LA_SEA,2020,18,-10.0,50.0,3.883545689383947,44.6560454444335,0.5629644708803203
2020_18_TB_WAS,2020,18,-8.0,54.0,-4.954081034525586,45.44793786170434,0.2943295244951823
2020_18_BAL_TEN,2020,18,-7.0,33.0,-1.0596768070156628,53.494397188963916,0.4067213275046391
2020_18_CHI_NO,2020,18,12.0,30.0,9.541932458267016,48.32754765293714,0.7261532620292074
2020_18_CLE_PIT,2020,18,-11.0,85.0,5.677970873543831,47.32569972497988,0.6182588448532502
2020_19_BAL_BUF,2020,19,14.0,20.0,2.997250957684268,52.153781191490076,0.5349712809445274
2020_19_LA_GB,2020,19,14.0,50.0,7.197625696907394,47.41518240172903,0.6628603522281965
2020_19_CLE_KC,2020,19,5.0,39.0,8.548993524190497,50.40131142388641,0.7002517469802757
2020_19_TB_NO,2020,19,-10.0,50.0,3.294237432022348,51.899628420802195,0.5443849450997724
2020_20_BUF_KC,2020,20,14.0,62.0,1.0342127066561306,53.34267960380474,0.47243723204900845
2020_20_TB_GB,2020,20,-5.0,57.0,3.958943505890077,54.83057972309793,0.5653300037998426
2020_21_KC_TB,2020,21,22.0,40.0,-2.206312573563277,53.884641701397996,0.37195411962158054
2021_01_DAL_TB,2021,1,2.0,60.0,9.385452663063319,49.993636852754165,0.7629006423312995
2021_01_ARI_TEN,2021,1,-25.0,51.0,4.312335715661675,50.602783911084884,0.5811965153075666
2021_01_CHI_LA,2021,1,20.0,48.0,4.108155475660956,43.4307227345568,0.5729361018068454
2021_01_CLE_KC,2021,1,4.0,62.0,4.612875222744487,52.17916214468177,0.5932716871541204
2021_01_DEN_NYG,2021,1,-14.0,40.0,2.671594421617472,42.65785105155183,0.5139225080566481
2021_01_GB_NO,2021,1,35.0,41.0,-1.4218618084105032,50.04847972183498,0.34913118411290983
2021_01_JAX_HOU,2021,1,16.0,58.0,7.060634899852127,49.78782435101514,0.6863839505894954
2021_01_LAC_WAS,2021,1,-4.0,36.0,1.8392399884730182,45.688246559795395,0.47944323159529334
2021_01_MIA_NE,2021,1,-1.0,33.0,0.828818047487359,43.36462280896244,0.4378802927037873
2021_01_MIN_CIN,2021,1,3.0,51.0,-1.6669014649638219,48.76912254419605,0.3399582775741229
2021_01_NYJ_CAR,2021,1,5.0,33.0,6.960690060872397,43.63620980503103,0.6828066112287398
2021_01_PHI_ATL,2021,1,-26.0,38.0,4.002641944734141,47.33424537244814,0.5686510933212683
2021_01_PIT_BUF,2021,1,-7.0,39.0,5.837781340996301,49.98731747465593,0.6411956740450513
2021_01_SEA_IND,2021,1,-12.0,44.0,1.839030101564049,49.04440033197507,0.47943454816124753
2021_01_SF_DET,2021,1,-8.0,74.0,-1.4781666391338275,49.997972764524,0.3470132391228105
2021_01_BAL_LV,2021,1,6.0,60.0,-3.493770837417874,49.84827633450997,0.27561521660480925
2021_02_NYG_WAS,2021,2,1.0,59.0,4.99287218694629,41.09341072992642,0.6083777905243631
2021_02_ATL_TB,2021,2,23.0,73.0,11.74913699780765,50.159854742162665,0.8264210970700673
2021_02_BUF_MIA,2021,2,-35.0,35.0,0.4702613458413081,47.5326303070703,0.42330842182739825
2021_02_CIN_CHI,2021,2,3.0,37.0,4.93931147735168,46.38157101062639,0.6062603880743669
2021_02_DAL_LAC,2021,2,-3.0,37.0,2.3140840955309856,51.05338015900785,0.49911014955559097
2021_02_DEN_JAX,2021,2,-10.0,36.0,-3.023868530552736,47.772364641805225,0.2914355542359268
2021_02_HOU_CLE,2021,2,10.0,52.0,4.4715226131035415,52.00855487314674,0.5876054685878624
2021_02_KC_BAL,2021,2,1.0,71.0,1.904466327510515,50.18381982039763,0.48214234903602615
2021_02_LA_IND,2021,2,-3.0,51.0,1.1057792943330857,45.91535449258438,0.4492112937416249
2021_02_LV_PIT,2021,2,-9.0,43.0,6.1606848269473184,49.570334346112325,0.6534150576760891
2021_02_MIN_ARI,2021,2,1.0,67.0,5.723150060670379,51.09596205773091,0.6368123228761936
2021_02_NE_NYJ,2021,2,-19.0,31.0,-3.3082536077085942,42.06111847796296,0.28179724081013574
2021_02_NO_CAR,2021,2,19.0,33.0,-7.574383385463477,45.031985304939724,0.16209085006449225
2021_02_SF_PHI,2021,2,-6.0,28.0,1.0414100382623093,48.634876122763245,0.44657267921830535
2021_02_TEN_SEA,2021,2,-3.0,63.0,5.344898289560449,49.94505174901035,0.6221897814685444
2021_02_DET_GB,2021,2,18.0,52.0,10.740150289008032,51.37211017341267,0.8011048895580696
2021_03_CAR_HOU,2021,3,-15.0,33.0,1.9471590201089548,45.937139828764344,0.4839095806782493
2021_03_ARI_JAX,2021,3,-12.0,50.0,-8.348089080413061,46.38699907060446,0.1454169583632969
2021_03_ATL_NYG,2021,3,-3.0,31.0,3.151779077981031,45.01124171079703,0.5337744322707683
2021_03_BAL_DET,2021,3,-2.0,36.0,-7.438682827141243,51.39465764322971,0.1651693104384705
2021_03_CHI_CLE,2021,3,20.0,32.0,5.396165880197913,48.222883166770515,0.6241854448935951
2021_03_CIN_PIT,2021,3,-14.0,34.0,8.718869067722245,45.73302481915264,0.7423368811663186
2021_03_GB_SF,2021,3,-2.0,58.0,0.18833104819493407,50.16005290204911,0.4119423372748998
2021_03_IND_TEN,2021,3,9.0,41.0,2.1486671961838333,50.89344146840093,0.49225555327294857
2021_03_LAC_KC,2021,3,-6.0,54.0,7.018538387320934,52.62232928925163,0.6848798525001019
2021_03_MIA_LV,2021,3,3.0,59.0,3.5850942531669676,47.61509529836023,0.5515990564582635
2021_03_NO_NE,2021,3,-15.0,41.0,-3.5360785261361887,43.2396408740825,0.27421721293003043
2021_03_NYJ_DEN,2021,3,26.0,26.0,8.062082633626332,43.3992401856525,0.7209695268762715
2021_03_SEA_MIN,2021,3,13.0,47.0,-0.9544190594144761,52.04585894665435,0.3669385179716479
2021_03_TB_LA,2021,3,10.0,58.0,-0.8077739003783564,49.62790139827196,0.3726034368568831
2021_03_WAS_BUF,2021,3,22.0,64.0,8.833826489076095,45.849733203205545,0.7459649660179594
2021_03_PHI_DAL,2021,3,20.0,62.0,2.9084577063140067,48.07905042309425,0.5237243787873486
2021_04_JAX_CIN,2021,4,3.0,45.0,7.935860867296798,44.34219253818535,0.7167408873773679
2021_04_ARI_LA,2021,4,-17.0,57.0,3.2905498656127152,48.69016897703188,0.5394944405944933
2021_04_BAL_DEN,2021,4,-16.0,30.0,-0.5621814200816466,48.298162331915705,0.38216883987865596
2021_04_CAR_DAL,2021,4,8.0,64.0,1.4001953040092927,47.60628084336986,0.46131420153910085
2021_04_CLE_MIN,2021,4,-7.0,21.0,1.2581557979058853,54.86629139931644,0.4554686266664719
2021_04_DET_CHI,2021,4,10.0,38.0,4.887471554249492,44.64979483817333,0.6042072039031536
2021_04_HOU_BUF,2021,4,40.0,40.0,11.159874317191303,49.30643785209686,0.8119592064165664
2021_04_IND_MIA,2021,4,-10.0,44.0,1.200850697297583,45.25045204618223,0.45311363761540274
2021_04_KC_PHI,2021,4,-12.0,72.0,-3.4878198314835105,50.18409482040208,0.2758122138623889
2021_04_NYG_NO,2021,4,-6.0,48.0,12.39717552103647,43.00362964207332,0.841295148089582
2021_04_PIT_GB,2021,4,10.0,44.0,6.045419571525047,48.44976616339523,0.6490753536398942
2021_04_SEA_SF,2021,4,-7.0,49.0,0.8929733558740844,47.632660576209446,0.44049968712048976
2021_04_TB_NE,2021,4,-2.0,36.0,-3.993640990406389,48.44250875091952,0.2593826833287263
2021_04_TEN_NYJ,2021,4,3.0,51.0,-7.449594104883898,43.56279046798124,0.1649200568069956
2021_04_WAS_ATL,2021,4,-4.0,64.0,1.0834162399217522,45.65348330451019,0.44829425911379805
2021_04_LV_LAC,2021,4,14.0,42.0,1.1902261568768495,52.28400508993944,0.45267724279607585
2021_05_LA_SEA,2021,5,-9.0,43.0,2.4152300745514808,48.84725311669299,0.5033017969315399
2021_05_BUF_KC,2021,5,-18.0,58.0,-3.1477381763556975,54.20602299730585,0.2872135677607255
2021_05_CHI_LV,2021,5,-11.0,29.0,4.366419058991092,45.65591850118031,0.5833771306422579
2021_05_CLE_LAC,2021,5,5.0,89.0,0.3059121911516174,49.799370711933626,0.4166719705559591
2021_05_DEN_PIT,2021,5,8.0,46.0,2.554012116562551,42.59949842870095,0.5090522674624957
2021_05_DET_MIN,2021,5,2.0,36.0,7.76179441796665,51.47272719903915,0.7108462566855089
2021_05_GB_CIN,2021,5,-3.0,47.0,-3.998644282586584,47.72907090081515,0.2592233872080613
2021_05_MIA_TB,2021,5,28.0,62.0,9.855363424565034,48.41725797631086,0.7767011717425674
2021_05_NE_HOU,2021,5,-3.0,47.0,-0.7274412314551917,41.56436314861535,0.37572170415291073
2021_05_NO_WAS,2021,5,-11.0,55.0,-3.4288353458977863,45.98854276245485,0.277769495128178
2021_05_NYG_DAL,2021,5,24.0,64.0,6.183292569304452,48.64991243599459,0.6542632748701249
2021_05_NYJ_ATL,2021,5,7.0,47.0,2.735451079126578,41.589437662378785,0.5165663924266359
2021_05_PHI_CAR,2021,5,-3.0,39.0,4.626878333847847,45.46032393045723,0.5938316890904549
2021_05_SF_ARI,2021,5,7.0,27.0,7.061999335257954,51.157618595467675,0.6864326362705705
2021_05_TEN_JAX,2021,5,-18.0,56.0,-5.979074194678873,47.952846751595466,0.2012819740995776
2021_05_IND_BAL,2021,5,6.0,56.0,5.373249657762512,46.96852854668899,0.6232939151282204
2021_06_TB_PHI,2021,6,-6.0,50.0,-6.708533246926965,51.26445874147836,0.18254154427780753
2021_06_ARI_CLE,2021,6,-23.0,51.0,0.5206502981586012,50.74766577561798,0.42534880999249125
2021_06_CIN_DET,2021,6,-23.0,45.0,-1.8733787332509904,46.852416606377915,0.3323206974227587
2021_06_DAL_NE,2021,6,-6.0,64.0,-0.3254008970875555,47.09142347354237,0.3914784067692408
2021_06_GB_CHI,2021,6,-10.0,38.0,-3.4884131887547287,44.98950670372786,0.27579256793378976
2021_06_HOU_IND,2021,6,28.0,34.0,6.547718272734336,47.21675293208333,0.6677979840402063
2021_06_KC_WAS,2021,6,-18.0,44.0,-1.165139140256041,52.67218565614313,0.3588626641064491
2021_06_LAC_BAL,2021,6,28.0,40.0,5.166443711607247,51.6580526250326,0.6152112133763915
2021_06_LA_NYG,2021,6,-27.0,49.0,-4.922120454494335,46.193458676865774,0.2309256428912617
2021_06_LV_DEN,2021,6,-10.0,58.0,1.3603901930608397,47.2841395147244,0.45967489584474186
2021_06_MIA_JAX,2021,6,3.0,43.0,-6.417511395040556,42.893474962064445,0.1898507685861639
2021_06_MIN_CAR,2021,6,-6.0,62.0,1.5888264920403588,46.72238860542357,0.46909344338748216
2021_06_SEA_PIT,2021,6,3.0,43.0,0.2538579221151869,43.93005876015012,0.41457617067733227
2021_06_BUF_TEN,2021,6,3.0,65.0,-6.470260090422489,52.20904903414599,0.18850951365852028
2021_07_DEN_CLE,2021,7,3.0,31.0,5.406927913194725,48.04876837062851,0.6246038398212762
2021_07_ATL_MIA,2021,7,-2.0,58.0,-0.32585864055711644,46.6677195521744,0.39146033071791236
2021_07_CAR_NYG,2021,7,22.0,28.0,-1.6682585139256014,44.64327817326758,0.3399078023717986
2021_07_CHI_TB,2021,7,35.0,41.0,10.922065534106155,47.245778059092025,0.8058661894057872
2021_07_CIN_BAL,2021,7,-24.0,58.0,8.975475466320535,47.392397633445164,0.7503888709631897
2021_07_DET_LA,2021,7,9.0,47.0,13.998867111658335,48.428939917641465,0.8736259173525225
2021_07_HOU_ARI,2021,7,26.0,36.0,13.471442710376698,47.623563450630854,0.8636539076038813
2021_07_IND_SF,2021,7,-12.0,48.0,1.428614709260122,45.94348082560137,0.462485120582199
2021_07_KC_TEN,2021,7,24.0,30.0,1.816680418975168,55.792651601777244,0.4785099700195455
2021_07_NYJ_NE,2021,7,41.0,67.0,8.445392958775354,39.68830018289371,0.7335709866609733
2021_07_PHI_LV,2021,7,11.0,55.0,5.031386247234616,47.29245159552488,0.6098978454435364
2021_07_WAS_GB,2021,7,14.0,34.0,10.935618119569487,49.29955609251488,0.8062174172520259
2021_07_NO_SEA,2021,7,-3.0,23.0,-3.6449646101141813,45.3665191153112,0.27063957086044166
2021_08_GB_ARI,2021,8,-3.0,45.0,2.5675296476301614,48.993445158555,0.50961226639566
2021_08_CAR_ATL,2021,8,-6.0,32.0,3.138869910879814,46.44931477726578,0.5332418527290801
2021_08_CIN_NYJ,2021,8,3.0,65.0,-7.2938411602132796,44.15072408989476,0.1685067005178881
2021_08_DAL_MIN,2021,8,-4.0,36.0,-0.36475231773544037,53.484892703680345,0.3899255316574317
2021_08_JAX_SEA,2021,8,24.0,38.0,8.43692858246024,43.95938116302448,0.7332966637451048
2021_08_LA_HOU,2021,8,-16.0,60.0,-10.096362938404912,46.23435223129649,0.11296397123841714
2021_08_MIA_BUF,2021,8,15.0,37.0,17.37516941370309,50.197507992613275,0.9236559357846355
2021_08_NE_LAC,2021,8,-3.0,51.0,2.0983190339826123,48.08295161811951,0.4901696699235472
2021_08_PHI_DET,2021,8,-38.0,50.0,-1.406552696504725,46.766628167423846,0.34970808254607133
2021_08_PIT_CLE,2021,8,-5.0,25.0,2.8250033006079374,44.76962314286205,0.5202725660808893
2021_08_SF_CHI,2021,8,-11.0,55.0,0.4146685858519441,42.69225914764579,0.421060350783479
2021_08_TB_NO,2021,8,9.0,63.0,-1.616323292212717,48.460252692864145,0.341842108478052
2021_08_TEN_IND,2021,8,-3.0,65.0,0.4699035647844336,49.58268462869217,0.42329394354428995
2021_08_WAS_DEN,2021,8,7.0,27.0,4.384285390332603,45.826296424160994,0.5840967809611303
2021_08_NYG_KC,2021,8,3.0,37.0,7.830876870530373,48.264574291011165,0.7131943823396203
2021_09_NYJ_IND,2021,9,15.0,75.0,12.374405891301224,46.45459498817325,0.8407905390294708
2021_09_ARI_SF,2021,9,-14.0,48.0,-5.082518125937795,48.034785856560596,0.22623731167923056
2021_09_ATL_NO,2021,9,-2.0,52.0,10.244153266824217,44.34244352033055,0.7876794001451348
2021_09_BUF_JAX,2021,9,3.0,15.0,-15.477890519388987,47.26274544282891,0.04959949987978828
2021_09_CLE_CIN,2021,9,-25.0,57.0,2.1238540526135448,47.857544527554914,0.4912275267305592
2021_09_DEN_DAL,2021,9,-14.0,46.0,9.05336545624466,47.5132637772858,0.7527994721060836
2021_09_GB_KC,2021,9,6.0,20.0,-2.7653282678294033,50.11277891885997,0.3003641595766213
2021_09_HOU_MIA,2021,9,8.0,26.0,5.281465371745634,44.07968851879291,0.6197148293836211
2021_09_LAC_PHI,2021,9,-3.0,51.0,2.128246090798871,47.979505676393664,0.49140948690419595
2021_09_LV_NYG,2021,9,7.0,39.0,-3.967440960830091,46.74943230809531,0.2602178847173498
2021_09_MIN_BAL,2021,9,3.0,65.0,7.217394803901138,49.57502655772474,0.6919504080084342
2021_09_NE_CAR,2021,9,-18.0,30.0,-1.5061595139937412,43.50310224810263,0.34596251156328317
2021_09_TEN_LA,2021,9,-12.0,44.0,3.400343515971785,52.54742559291612,0.5440127525491086
2021_09_CHI_PIT,2021,9,2.0,56.0,6.173442417481386,40.344963856232475,0.6538938284424632
2021_10_BAL_MIA,2021,10,12.0,32.0,-6.898972033421458,46.63909396294783,0.1778779843417044
2021_10_ATL_DAL,2021,10,40.0,46.0,7.413804011816094,51.024703927432384,0.6988466864424423
2021_10_BUF_NYJ,2021,10,-28.0,62.0,-12.601839488581831,47.635523444622216,0.07754751888507898
2021_10_CAR_ARI,2021,10,-24.0,44.0,11.147972913408275,42.05792825386177,0.8116577997279827
2021_10_CLE_NE,2021,10,38.0,52.0,4.08461945950398,46.851691061954,0.5719812054601189
2021_10_DET_PIT,2021,10,0.0,32.0,10.18174169687271,44.51441609955755,0.7859440043746668
2021_10_JAX_IND,2021,10,6.0,40.0,13.207280452720617,46.13037596965469,0.8584148236011185
2021_10_KC_LV,2021,10,-27.0,55.0,-0.35636802711369464,51.07898738733668,0.3902562044039947
2021_10_MIN_LAC,2021,10,-7.0,47.0,2.381922988123695,50.50686697633563,0.5019215216609304
2021_10_NO_TEN,2021,10,2.0,44.0,2.8700520719699703,47.23487666575102,0.5221361195201136
2021_10_PHI_DEN,2021,10,-17.0,43.0,2.924708463969656,45.91177079189501,0.5243962838571714
2021_10_SEA_GB,2021,10,17.0,17.0,3.4968773146436103,41.24844587593603,0.5479794339987005
2021_10_TB_WAS,2021,10,10.0,48.0,-9.78946330768954,49.32180668301836,0.11816297165626946
2021_10_LA_SF,2021,10,21.0,41.0,-4.828903057708589,48.51720549817563,0.23368139067798335
2021_11_NE_ATL,2021,11,-25.0,25.0,-6.506087833828284,47.1984306485427,0.18760266800647557
2021_11_ARI_SEA,2021,11,-10.0,36.0,-1.6727776119909312,42.31430684810528,0.33973974151375974
2021_11_BAL_CHI,2021,11,-3.0,29.0,-4.443656498427988,45.716286673777155,0.24531121474591633
2021_11_CIN_LV,2021,11,-19.0,45.0,0.4029723223773021,48.84200768609528,0.4205877881669978
2021_11_DAL_KC,2021,11,10.0,28.0,0.16231431664036,52.18185003116566,0.4108979906112713
2021_11_DET_CLE,2021,11,3.0,23.0,10.044658321196964,45.885291425687015,0.7820961614731653
2021_11_GB_MIN,2021,11,3.0,65.0,-2.962354871353912,48.283732243818925,0.2935457146537172
2021_11_HOU_TEN,2021,11,-9.0,35.0,13.122845219291358,47.161057458092195,0.8567051353447191
2021_11_IND_BUF,2021,11,-26.0,56.0,7.750843102665683,48.30313234950912,0.7104729737749873
2021_11_MIA_NYJ,2021,11,-7.0,41.0,-3.5923459838791727,44.80552565277874,0.2723647775631466
2021_11_NO_PHI,2021,11,11.0,69.0,-1.5422188322977406,44.485352214939596,0.34461121899830205
2021_11_PIT_LAC,2021,11,4.0,78.0,1.2639999871222363,46.56876210625762,0.4557089110380526
2021_11_SF_JAX,2021,11,-20.0,40.0,-5.166189007979616,44.5770597838624,0.22381854109777893
2021_11_WAS_CAR,2021,11,-6.0,48.0,4.228187462747256,41.07766647422556,0.5777974094484916
2021_11_NYG_TB,2021,11,20.0,40.0,11.618658000622636,47.36861631969086,0.823296455721086
2021_12_BUF_NO,2021,12,-25.0,37.0,-1.4929186884200059,46.3079190522437,0.34645932646264777
2021_12_CHI_DET,2021,12,-2.0,30.0,-2.3731062087633017,42.478590341252705,0.3142021299339534
2021_12_LV_DAL,2021,12,-3.0,69.0,8.225308197302446,49.800440277142954,0.726380092748958
2021_12_ATL_JAX,2021,12,-7.0,35.0,-1.4131502409265901,42.08546213579056,0.34945941099305067
2021_12_CAR_MIA,2021,12,23.0,43.0,1.5455943420285414,43.253547199208064,0.4673090630676753
2021_12_CLE_BAL,2021,12,6.0,26.0,5.286315954496102,45.40554445888187,0.619904305532884
2021_12_LAC_DEN,2021,12,15.0,41.0,2.447394331816976,48.01346122056125,0.504634664810534
2021_12_LA_GB,2021,12,8.0,64.0,2.1853949153228025,47.30238617374129,0.493777326995144
2021_12_MIN_SF,2021,12,8.0,60.0,2.5549528945777396,49.743910018226686,0.5090912423939536
2021_12_NYJ_HOU,2021,12,-7.0,35.0,4.700986456850465,44.557627286840216,0.5967912727490273
2021_12_PHI_NYG,2021,12,6.0,20.0,-3.2625742212139173,44.23897730968648,0.28333228660119336
2021_12_PIT_CIN,2021,12,31.0,51.0,3.3027160547587524,46.10817720153129,0.5399954465135866
2021_12_TB_IND,2021,12,-7.0,69.0,-0.28558159895975255,51.604437127334755,0.3930519845547872
2021_12_TEN_NE,2021,12,23.0,49.0,5.195482616472409,46.013472661608816,0.6163501155830189
2021_12_SEA_WAS,2021,12,2.0,32.0,-0.9690557703811775,41.48559082708613,0.3663750834304888
2021_13_DAL_NO,2021,13,-10.0,44.0,0.06853910510752348,47.235304126628144,0.4071404481134245
2021_13_ARI_CHI,2021,13,-11.0,55.0,-6.420118063589944,43.22168592157776,0.18978431687481367
2021_13_BAL_PIT,2021,13,1.0,39.0,-2.4159415049687416,46.32310992118227,0.3126740931788239
2021_13_DEN_KC,2021,13,13.0,31.0,6.780816281485431,46.49528300172778,0.6763138076680568
2021_13_IND_HOU,2021,13,-31.0,31.0,-8.202600826722616,45.449288327733306,0.14843974217011177
2021_13_JAX_LA,2021,13,30.0,44.0,12.769557357792252,45.1222340189442,0.8493644995910411
2021_13_LAC_CIN,2021,13,-19.0,63.0,5.441404996516761,49.476720049075716,0.6259429485024721
2021_13_MIN_DET,2021,13,2.0,56.0,-5.759287967116178,47.32643737584915,0.20720309530198955
2021_13_NYG_MIA,2021,13,11.0,29.0,3.970934703123188,42.480093186555145,0.567361389586232
2021_13_PHI_NYJ,2021,13,-15.0,51.0,-5.60632944356447,44.211595839448314,0.21139919560944964
2021_13_SF_SEA,2021,13,7.0,53.0,-0.43178836727758885,44.357818713713975,0.3872853199698221
2021_13_TB_ATL,2021,13,-13.0,47.0,-10.422949799172885,49.07874840296076,0.10765180854717583
2021_13_WAS_LV,2021,13,-2.0,32.0,3.5798678227847907,48.320300030270175,0.5513847596169921
2021_13_NE_BUF,2021,13,-4.0,24.0,3.908125528257771,45.88364816415472,0.5648039222619123
2021_14_PIT_MIN,2021,14,8.0,64.0,3.672381329149446,49.34235174732693,0.5551751548453223
2021_14_ATL_CAR,2021,14,-8.0,50.0,6.234048679148437,41.27436678948029,0.656164010374095
2021_14_BAL_CLE,2021,14,2.0,46.0,-0.29714175430295464,44.5134499755102,0.39259492035247384
2021_14_BUF_TB,2021,14,6.0,60.0,2.597972549200118,49.86907863288391,0.5108733524011352
2021_14_CHI_GB,2021,14,15.0,75.0,12.175229942373369,44.58077588315472,0.8363209334739954
2021_14_DAL_WAS,2021,14,-7.0,47.0,-5.141582355844029,47.98803809669142,0.22452795869782402
2021_14_DET_DEN,2021,14,28.0,48.0,8.611842369399788,42.583673786440535,0.7389288275658998
2021_14_JAX_TEN,2021,14,20.0,20.0,14.410610517088092,45.03839394017054,0.8809712372664533
2021_14_LV_KC,2021,14,39.0,57.0,8.575389316432247,47.78937890002849,0.7377614192719081
2021_14_NO_NYJ,2021,14,-21.0,39.0,-6.650317466384301,42.11892795601071,0.18398598083316217
2021_14_NYG_LAC,2021,14,16.0,58.0,7.88680868484907,44.593383711683614,0.7150871396663515
2021_14_SEA_HOU,2021,14,-20.0,46.0,-5.968811527510402,38.460240357272845,0.201555614644512
2021_14_SF_CIN,2021,14,-3.0,49.0,1.9596767647982103,49.25316567883081,0.4844278215140404
2021_14_LA_ARI,2021,14,-7.0,53.0,3.738173088659342,49.18953446069783,0.5578668518968202
2021_15_KC_LAC,2021,15,-6.0,62.0,-2.8014795505865244,50.641465614932066,0.29910632222087963
2021_15_NE_IND,2021,15,10.0,44.0,0.3576269677731767,45.397000489375806,0.4187570886105085
2021_15_ARI_DET,2021,15,18.0,42.0,-9.906183017149313,45.399061826807674,0.11616170520161204
2021_15_ATL_SF,2021,15,18.0,44.0,9.028684074725518,46.976170002108766,0.7520373085799874
2021_15_CAR_BUF,2021,15,17.0,45.0,11.291790720424423,43.24651907511643,0.8152752213355269
2021_15_CIN_DEN,2021,15,-5.0,25.0,2.1196799001380078,46.27049694678613,0.49105459561769416
2021_15_DAL_NYG,2021,15,-15.0,27.0,-7.835216812423228,44.085759448633546,0.15630384531649907
2021_15_GB_BAL,2021,15,-1.0,61.0,-0.88406232987156,45.86071625597147,0.369651928983333
2021_15_HOU_JAX,2021,15,-14.0,46.0,0.1903967032278997,36.781134719119635,0.41202528957032325
2021_15_NO_TB,2021,15,-9.0,9.0,8.01130808535154,47.0440112212686,0.7192731525103677
2021_15_NYJ_MIA,2021,15,7.0,55.0,11.035033161443009,44.024321182756,0.8087790938214118
2021_15_TEN_PIT,2021,15,6.0,32.0,-1.2427602185321196,47.46511958572766,0.35590760454455755
2021_15_LV_CLE,2021,15,-2.0,30.0,5.887747210869209,45.79563656471856,0.6430989983804399
2021_15_MIN_CHI,2021,15,-8.0,26.0,-3.0776078383959833,45.674150304102156,0.2895994128350167
2021_15_SEA_LA,2021,15,10.0,30.0,5.50590794482896,44.28998039319267,0.6284430909954477
2021_15_WAS_PHI,2021,15,10.0,44.0,6.2381294573310075,46.99279613923408,0.6563166130026448
2021_16_SF_TEN,2021,16,3.0,37.0,1.1576500715108373,46.88535825323684,0.4513396614039119
2021_16_CLE_GB,2021,16,2.0,46.0,8.330722418598182,53.630999704112064,0.7298393781312937
2021_16_IND_ARI,2021,16,-6.0,38.0,-0.6298463333303705,48.03457704331331,0.3795239254490705
2021_16_BAL_CIN,2021,16,20.0,62.0,1.5935083209252754,46.37266153620026,0.4692867312410015
2021_16_BUF_NE,2021,16,-12.0,54.0,2.7307240342842545,45.07013936212644,0.5163707065404245
2021_16_CHI_SEA,2021,16,-1.0,49.0,7.647252293945446,33.40497012409986,0.7069279360729553
2021_16_DEN_LV,2021,16,4.0,30.0,-0.7258210662349516,44.046406025665206,0.37578470109911033
2021_16_DET_ATL,2021,16,4.0,36.0,3.2443292494175853,43.20876170141635,0.5375903479517208
2021_16_JAX_NYJ,2021,16,5.0,47.0,4.280099008644456,40.25679879166089,0.5798952298181926
2021_16_LAC_HOU,2021,16,12.0,70.0,-7.064295071237533,45.934056500848506,0.17390562042292892
2021_16_LA_MIN,2021,16,-7.0,53.0,-1.3239063549051462,56.27907562250352,0.3528300414021451
2021_16_NYG_PHI,2021,16,24.0,44.0,9.36170313030599,35.11685342890234,0.7621877830949747
2021_16_PIT_KC,2021,16,26.0,46.0,11.09617209726941,46.60702109620468,0.8103416068957389
2021_16_TB_CAR,2021,16,-26.0,38.0,-7.835345839429801,44.07829463489212,0.15630102476300614
2021_16_WAS_DAL,2021,16,42.0,70.0,9.422028345166254,52.19992660462577,0.763995604044321
2021_16_MIA_NO,2021,16,-17.0,23.0,3.727464199475972,41.880788250261205,0.5574289531139608
2021_17_ARI_DAL,2021,17,-3.0,47.0,6.046126279523556,48.187064243724706,0.6491020371273848
2021_17_ATL_BUF,2021,17,14.0,44.0,12.891222232199334,45.65259276035765,0.8519267636633293
2021_17_CAR_NO,2021,17,8.0,28.0,7.9748535398057445,38.064322243651546,0.71805133823536
2021_17_DEN_LAC,2021,17,21.0,47.0,3.300657959970686,45.39727615370757,0.5399106994415764
2021_17_DET_SEA,2021,17,22.0,80.0,8.326919562175764,41.23565413722306,0.7297150631806191
2021_17_HOU_SF,2021,17,16.0,30.0,11.095546147536176,43.4702503529952,0.8103256593143282
2021_17_JAX_NE,2021,17,40.0,60.0,17.011302570577527,41.440996948102864,0.9192924231163047
2021_17_KC_CIN,2021,17,3.0,65.0,-3.370389932581663,49.93435265370563,0.2797172964433325
2021_17_LA_BAL,2021,17,-1.0,39.0,-2.387926602144563,48.30077536389434,0.31367299338959537
2021_17_LV_IND,2021,17,-3.0,43.0,9.689093786367998,45.894570549117105,0.7718844487349007
2021_17_MIA_TEN,2021,17,31.0,37.0,3.821025558379436,43.87446537184144,0.5612516940959502
2021_17_MIN_GB,2021,17,27.0,47.0,7.13399123052756,50.25555207664369,0.6889956046133322
2021_17_NYG_CHI,2021,17,26.0,32.0,4.096876800275072,39.91893977122015,0.5724785740723359
2021_17_PHI_WAS,2021,17,-4.0,36.0,-5.584137407727074,45.6896192646818,0.21201312681587045
2021_17_TB_NYJ,2021,17,-4.0,52.0,-12.614142392525668,45.77961098950133,0.07740175613211873
2021_17_CLE_PIT,2021,17,12.0,40.0,0.22818815712895724,43.24322385598691,0.41354379131970187
2021_18_DAL_PHI,2021,18,-25.0,77.0,-1.334653256261817,46.89572140538,0.3524233599341341
2021_18_KC_DEN,2021,18,-4.0,52.0,-6.476890901688233,43.55545064681859,0.18834142599585024
2021_18_CAR_TB,2021,18,24.0,58.0,14.289715170312254,43.47348647630721,0.8788536648018587
2021_18_CHI_MIN,2021,18,14.0,48.0,5.081122027061587,43.86491286199383,0.6118576365414945
2021_18_CIN_CLE,2021,18,5.0,37.0,-1.8433992139600965,45.014575611834616,0.3334242989826841
2021_18_GB_DET,2021,18,7.0,67.0,-10.453034446709838,47.07004866507815,0.10717367199464281
2021_18_IND_JAX,2021,18,15.0,37.0,-13.489907715632118,42.95773303818358,0.06765015772811393
2021_18_LAC_LV,2021,18,3.0,67.0,-1.7420932438598902,48.89600559639565,0.3371670357878723
2021_18_NE_MIA,2021,18,9.0,57.0,-4.449779985319481,44.36799512633645,0.24512333802545358
2021_18_NO_ATL,2021,18,-10.0,50.0,-4.474014503745881,38.595993627564866,0.2443807444357681
2021_18_NYJ_BUF,2021,18,17.0,37.0,16.744349391421117,45.37070693233916,0.9159476554960663
2021_18_PIT_BAL,2021,18,-3.0,29.0,3.952295543780921,44.61355233342033,0.5666028074569762
2021_18_SEA_ARI,2021,18,-8.0,68.0,4.3798189039244875,45.313960834704226,0.5839169057514808
2021_18_SF_LA,2021,18,-3.0,51.0,5.111483171726154,46.28641955972552,0.6130522170087848
2021_18_TEN_HOU,2021,18,-3.0,53.0,-8.751600890225115,42.29265797854203,0.13730009296313533
2021_18_WAS_NYG,2021,18,-15.0,29.0,-0.2940204878123893,39.05290222119395,0.3927183101496941
2021_19_LV_CIN,2021,19,7.0,45.0,6.002719659957694,44.518007727582976,0.6474613896600505
2021_19_NE_BUF,2021,19,30.0,64.0,5.1637952607417175,46.75711503248569,0.6151072784027076
2021_19_PHI_TB,2021,19,16.0,46.0,7.882934779299317,49.06717230828019,0.7149562874139344
2021_19_PIT_KC,2021,19,21.0,63.0,10.694084191732225,46.074230986242554,0.7998853561339049
2021_19_SF_DAL,2021,19,-6.0,40.0,6.999041425038937,49.07201621451844,0.6841819128128118
2021_19_ARI_LA,2021,19,23.0,45.0,4.8736231229937435,46.924959303195884,0.6036580940241073
2021_20_CIN_TEN,2021,20,-3.0,35.0,4.807750302017634,47.078999682827146,0.6010425863272008
2021_20_SF_GB,2021,20,-3.0,23.0,7.080007371922874,50.43148275393121,0.6870748127139991
2021_20_BUF_KC,2021,20,6.0,78.0,1.3228594083976406,49.9784498631283,0.4581300526155909
2021_20_LA_TB,2021,20,-3.0,57.0,4.220713746287163,47.111199380119615,0.577495152644305
2021_21_CIN_KC,2021,21,-3.0,51.0,7.589583929406074,50.78260424464073,0.7049434638904045
2021_21_SF_LA,2021,21,3.0,37.0,3.871049850449819,45.822597861314534,0.5632926434477793
2021_22_LA_CIN,2021,22,-3.0,43.0,-4.621719428757735,47.846215597628856,0.23988776002481244
2022_01_BUF_LA,2022,1,-21.0,41.0,0.7674315444940023,49.08519305489119,0.4868655054571506
2022_01_BAL_NYJ,2022,1,-15.0,33.0,-4.041468324828666,44.033493299317584,0.3634585154326017
2022_01_CLE_CAR,2022,1,-2.0,50.0,-1.9645960349382419,40.17406772218081,0.41555190734623854
2022_01_GB_MIN,2022,1,16.0,30.0,-1.5303903718730019,49.654549915797915,0.426729586269099
2022_01_IND_HOU,2022,1,0.0,40.0,-6.682136280696009,44.23615037394834,0.30169341016830964
2022_01_JAX_WAS,2022,1,6.0,50.0,6.589303102173228,42.47798979750768,0.6369746430916083
2022_01_KC_ARI,2022,1,-23.0,65.0,-2.405497102136586,49.48451691374955,0.4042901463051973
2022_01_LV_LAC,2022,1,5.0,43.0,4.681250336981384,49.65230814218942,0.5892246440749906
2022_01_NE_MIA,2022,1,13.0,27.0,-0.36201732017758026,46.983576426803225,0.4571495515086531
2022_01_NO_ATL,2022,1,-1.0,53.0,-2.837617322827679,41.02644298933347,0.3933495453652828
2022_01_NYG_TEN,2022,1,-1.0,41.0,12.056031489352485,40.91955757620377,0.7575988821899089
2022_01_PHI_DET,2022,1,-3.0,73.0,-2.9165112181225616,46.8012466846547,0.39136322774824983
2022_01_PIT_CIN,2022,1,-3.0,43.0,5.427422972550149,46.58348058590446,0.6081539703566496
2022_01_SF_CHI,2022,1,9.0,29.0,-2.5132266894676674,43.84086817583981,0.4015532270817943
2022_01_TB_DAL,2022,1,-16.0,22.0,1.7180418291625181,49.31761593530358,0.5119570325987941
2022_01_DEN_SEA,2022,1,1.0,33.0,5.69722732748466,43.09810365890264,0.6149224133055247
2022_02_LAC_KC,2022,2,3.0,51.0,8.434987050388145,54.32556196102461,0.6807383354826352
2022_02_ARI_LV,2022,2,-6.0,52.0,1.634177115328041,45.457128677308546,0.509743987106026
2022_02_ATL_LA,2022,2,4.0,58.0,8.730574509031468,44.943353653737375,0.6874837862975169
2022_02_CAR_NYG,2022,2,3.0,35.0,2.127472245327047,40.09794205996386,0.5227528601757983
2022_02_CHI_GB,2022,2,17.0,37.0,6.4371038131900615,43.501193241715114,0.6332499037861428
2022_02_CIN_DAL,2022,2,3.0,37.0,4.152148141936133,46.73735204971765,0.5756365604956379
2022_02_HOU_DEN,2022,2,7.0,25.0,5.388660859824218,40.48327995509754,0.607178072218819
2022_02_IND_JAX,2022,2,24.0,24.0,-7.49798427668881,43.33300662190213,0.2838582848239198
2022_02_MIA_BAL,2022,2,-4.0,80.0,2.337716732196588,44.19694247164727,0.5282889553429224
2022_02_NE_PIT,2022,2,-3.0,31.0,-0.02967841806924243,46.92143141245277,0.4658713289971472
2022_02_NYJ_CLE,2022,2,-1.0,61.0,8.172077994166251,42.65544398232344,0.6746742457203693
2022_02_SEA_SF,2022,2,20.0,34.0,3.1892645727038795,41.58154900279205,0.5506266208303121
2022_02_TB_NO,2022,2,-10.0,30.0,-3.146670730751664,45.22443613465433,0.385589225815425
2022_02_WAS_DET,2022,2,9.0,63.0,1.3978366577399948,46.09177843594401,0.5035055968338575
2022_02_MIN_PHI,2022,2,17.0,31.0,2.1099576422234274,47.40786158342698,0.5222913996547978
2022_02_TEN_BUF,2022,2,34.0,48.0,6.773913341530076,46.38643926446509,0.6414705709642289
2022_03_PIT_CLE,2022,3,12.0,46.0,1.7827488439644135,43.335429434989685,0.513664223591667
2022_03_ATL_SEA,2022,3,-4.0,50.0,6.430134787206588,43.661242192366664,0.6330789666707131
2022_03_BAL_NE,2022,3,-11.0,63.0,4.389101409401374,46.28913099533543,0.5817372871913394
2022_03_BUF_MIA,2022,3,2.0,40.0,-3.4018417477008285,49.05859263718491,0.37922525275022745
2022_03_CIN_NYJ,2022,3,-15.0,39.0,-3.8178767719425384,47.35875625535423,0.3689387038363103
2022_03_DET_MIN,2022,3,4.0,52.0,5.441121670602016,45.79511613498293,0.608498650779712
2022_03_GB_TB,2022,3,-2.0,26.0,5.31642709959814,46.03046466454996,0.6053571916009841
2022_03_HOU_CHI,2022,3,3.0,43.0,6.1050083444039736,39.017610314781436,0.6250676261631676
2022_03_JAX_LAC,2022,3,-28.0,48.0,9.206626564881837,48.14477152838206,0.6981817477011684
2022_03_KC_IND,2022,3,3.0,37.0,-4.625222045092362,48.26577040422998,0.34931976782413565
2022_03_LA_ARI,2022,3,-8.0,32.0,-0.6143524078665674,48.486006185528495,0.4505445761021327
2022_03_LV_TEN,2022,3,2.0,46.0,5.060657454905675,44.27533049903659,0.5988864746405961
2022_03_NO_CAR,2022,3,8.0,36.0,-3.7925803282079773,40.10336602689268,0.36956088004656135
2022_03_PHI_WAS,2022,3,-16.0,32.0,-2.211063697285124,48.059663020960414,0.4092448101009164
2022_03_SF_DEN,2022,3,1.0,21.0,-2.714419298217331,41.83062191861454,0.3964583551646058
2022_03_DAL_NYG,2022,3,-7.0,39.0,-5.491961169336083,42.25838277998237,0.32881249944042507
2022_04_MIA_CIN,2022,4,12.0,42.0,1.7022638414007243,47.15115047224177,0.5115407118216024
2022_04_ARI_CAR,2022,4,-10.0,42.0,-0.3524320868276454,41.79481377775812,0.457400761169003
2022_04_BUF_BAL,2022,4,-3.0,43.0,-2.7690678707671657,50.580101968125184,0.3950782907787607
2022_04_CHI_NYG,2022,4,8.0,32.0,-1.2376394394010108,39.029670023083234,0.43430902632308305
2022_04_CLE_ATL,2022,4,3.0,43.0,-0.7574877318994835,45.47689797055591,0.4468055318350985
2022_04_DEN_LV,2022,4,9.0,55.0,2.0030114966865713,42.86755194331886,0.5194728729737208
2022_04_JAX_PHI,2022,4,8.0,50.0,8.674697133938157,45.95753207105794,0.6862145957616281
2022_04_KC_TB,2022,4,-10.0,72.0,0.9573050303097774,48.249580382702185,0.4918760015050122
2022_04_LAC_HOU,2022,4,-10.0,58.0,-2.4858448387657797,45.55985337076521,0.40224830123586286
2022_04_MIN_NO,2022,4,-3.0,53.0,-1.956997763619297,41.625643616343794,0.4157467983424287
2022_04_NE_GB,2022,4,3.0,51.0,4.3963172427282124,46.87297903127618,0.5819226880840097
2022_04_NYJ_PIT,2022,4,-4.0,44.0,7.090487598298553,44.87600878095534,0.6491223789945444
2022_04_SEA_DET,2022,4,-3.0,93.0,0.5495325786154917,46.614916501997904,0.48111876827474587
2022_04_TEN_IND,2022,4,-7.0,41.0,2.962490688767794,42.680111718176505,0.5446940899046524
2022_04_WAS_DAL,2022,4,15.0,35.0,8.20541552862488,43.87514149092333,0.6754464904745129
2022_04_LA_SF,2022,4,15.0,33.0,1.5009271525810184,42.52278123636781,0.5062269992564148
2022_05_IND_DEN,2022,5,-3.0,21.0,0.34174074100576224,41.03583026305466,0.4756432179692054
2022_05_ATL_TB,2022,5,6.0,36.0,8.393097244869214,45.88990494659776,0.6797761510317374
2022_05_CHI_MIN,2022,5,7.0,51.0,6.368500761238196,42.976784419222696,0.6315657462953626
2022_05_CIN_BAL,2022,5,2.0,36.0,0.3633686040102926,47.33369069522444,0.4762128863653532
2022_05_DAL_LA,2022,5,-12.0,32.0,0.21282423248910542,43.17410223413419,0.47224897920295855
2022_05_DET_NE,2022,5,29.0,29.0,6.327410478506918,48.36952287858641,0.6305554671911253
2022_05_HOU_JAX,2022,5,-7.0,19.0,5.525994294255881,39.80423038139222,0.6106317537821768
2022_05_LAC_CLE,2022,5,-2.0,58.0,2.3869120267372232,48.57621994624709,0.5295833976218225
2022_05_MIA_NYJ,2022,5,23.0,57.0,-5.689545515404155,44.06230964635585,0.3242241460385538
2022_05_NYG_GB,2022,5,-5.0,49.0,5.8369531656156095,40.26478795574456,0.6184104250908725
2022_05_PHI_ARI,2022,5,-3.0,37.0,-3.044746180077909,47.59922095572557,0.38814233751183147
2022_05_PIT_BUF,2022,5,35.0,41.0,11.275594195172129,45.20980767498351,0.7421443175089776
2022_05_SEA_NO,2022,5,7.0,71.0,1.9646300471396099,44.13264303056361,0.518461032174489
2022_05_SF_CAR,2022,5,-22.0,52.0,-5.398021411901191,38.59094717568158,0.3310055697377611
2022_05_TEN_WAS,2022,5,-4.0,38.0,-1.965461337676266,41.98870764735581,0.41552971453605925
2022_05_LV_KC,2022,5,1.0,59.0,11.181247283492265,51.40264972315603,0.740233080550688
2022_06_WAS_CHI,2022,6,-5.0,19.0,3.6239383369642875,40.03329373956288,0.5619563664693719
2022_06_ARI_SEA,2022,6,10.0,28.0,3.586629212505196,47.98938248804452,0.5609862657265015
2022_06_BAL_NYG,2022,6,4.0,44.0,-0.6457235862081441,42.730571544481734,0.4497245911877783
2022_06_BUF_KC,2022,6,-4.0,44.0,0.6111130523412813,54.83351600891653,0.48274241458973627
2022_06_CAR_LA,2022,6,14.0,34.0,8.84468523862191,40.16932653606417,0.6900669535185957
2022_06_CIN_NO,2022,6,-4.0,56.0,0.3137503177362717,44.11997725676605,0.4749060568371097
2022_06_DAL_PHI,2022,6,9.0,43.0,2.7300830141616443,43.97578369534048,0.5386009999563058
2022_06_JAX_IND,2022,6,7.0,61.0,6.556500434176599,40.920747315148425,0.6361732413123672
2022_06_MIN_MIA,2022,6,-8.0,40.0,1.327464136764869,43.66467315517434,0.5016477605908646
2022_06_NE_CLE,2022,6,-23.0,53.0,0.14488119037467762,45.29521142806595,0.470461120813588
2022_06_NYJ_GB,2022,6,-17.0,37.0,7.4138552166889315,45.610850130189476,0.6568599952102139
2022_06_SF_ATL,2022,6,14.0,42.0,-4.301916278242488,42.71529018409799,0.3571194728886575
2022_06_TB_PIT,2022,6,2.0,38.0,-6.042955687212888,45.014621911049005,0.31610119937340475
2022_06_DEN_LAC,2022,6,3.0,35.0,4.032316798746474,45.56150992370989,0.5725423975152434
2022_07_NO_ARI,2022,7,8.0,76.0,1.0639239091391142,44.70564259162813,0.4946903050470712
2022_07_ATL_CIN,2022,7,18.0,52.0,5.477077996011586,46.43992721246088,0.6094028520777235
2022_07_CLE_BAL,2022,7,3.0,43.0,5.148393476316153,46.383435590450716,0.6011101187035225
2022_07_DET_DAL,2022,7,18.0,30.0,9.039167626172457,45.0471063248988,0.6944422605023877
2022_07_GB_WAS,2022,7,2.0,44.0,-2.561050354566415,41.78322061370286,0.40034019843328444
2022_07_HOU_LV,2022,7,18.0,58.0,4.545510922424063,42.63082218027663,0.5857507548182386
2022_07_IND_TEN,2022,7,9.0,29.0,3.2473587216427497,42.74153566936106,0.5521441500338805
2022_07_KC_SF,2022,7,-21.0,67.0,-1.1351264262312202,47.29375138997996,0.436970597984985
2022_07_NYG_JAX,2022,7,-6.0,40.0,1.53208576460597,39.73815080993145,0.5070494649717849
2022_07_NYJ_DEN,2022,7,-7.0,25.0,1.4675315600811805,39.951335167174356,0.5053454486867075
2022_07_PIT_MIA,2022,7,6.0,26.0,5.671313061848021,42.865327334711246,0.6142741966990658
2022_07_SEA_LAC,2022,7,-14.0,60.0,2.336930206023971,50.67160191228295,0.5282682568787576
2022_07_TB_CAR,2022,7,18.0,24.0,-7.346484963757031,40.999020942641955,0.28712177759979496
2022_07_CHI_NE,2022,7,-19.0,47.0,8.77650511412337,41.55436995611875,0.6885249473662323
2022_08_BAL_TB,2022,8,-5.0,49.0,3.1729635288420264,44.780852939737265,0.5502006360807561
2022_08_ARI_MIN,2022,8,8.0,60.0,5.824783766420969,45.541550515506884,0.6181071164238671
2022_08_CAR_ATL,2022,8,3.0,71.0,4.650619471608383,40.668591072324354,0.5884414924018619
2022_08_CHI_DAL,2022,8,20.0,78.0,7.7808883792673775,39.8194351753674,0.6655423858889091
2022_08_DEN_JAX,2022,8,-4.0,38.0,-1.9438424782396106,37.08101664719338,0.41608428561637667
2022_08_GB_BUF,2022,8,10.0,44.0,10.153093488000216,46.31155348637379,0.7188176255301794
2022_08_LV_NO,2022,8,24.0,24.0,2.50583164051341,47.186468965923495,0.532710771583732
2022_08_MIA_DET,2022,8,-4.0,58.0,-3.1946600785280133,47.171732546182504,0.3843893059554041
2022_08_NE_NYJ,2022,8,-5.0,39.0,-0.3869877085111968,43.309603816382094,0.4564952305668192
2022_08_NYG_SEA,2022,8,14.0,40.0,5.80485462121507,45.817069188282304,0.6176102059726187
2022_08_PIT_PHI,2022,8,22.0,48.0,11.52175926970699,44.23631355904947,0.7470876332904625
2022_08_SF_LA,2022,8,-17.0,45.0,4.501815710377996,42.80660053529215,0.5846306571662561
2022_08_TEN_HOU,2022,8,-7.0,27.0,-3.093815328336879,40.932503074140556,0.3869124265901839
2022_08_WAS_IND,2022,8,-1.0,33.0,5.302962877220559,40.414339032107414,0.6050174579923568
2022_08_CIN_CLE,2022,8,19.0,45.0,-2.658808895181898,46.581874500873624,0.3978644030619292
2022_09_PHI_HOU,2022,9,-12.0,46.0,-8.106752849273693,43.335996233941785,0.2709731630502061
2022_09_BUF_NYJ,2022,9,3.0,37.0,-6.963343490611455,45.27341285499445,0.2954742321898171
2022_09_CAR_CIN,2022,9,21.0,63.0,8.76829489985152,42.746534164337184,0.6883389765688623
2022_09_GB_DET,2022,9,6.0,24.0,-3.218983809062842,47.39875473338983,0.38378165414977855
2022_09_IND_NE,2022,9,23.0,29.0,4.900309074781539,41.45271790116283,0.5948120136537478
2022_09_LAC_ATL,2022,9,-3.0,37.0,-0.5423171146147268,48.80714754071077,0.45242845607489085
2022_09_LA_TB,2022,9,3.0,29.0,3.7115684960002713,43.12625110063641,0.5642330249546813
2022_09_LV_JAX,2022,9,7.0,47.0,-1.2478466491039102,43.37208406849395,0.43404421857053604
2022_09_MIA_CHI,2022,9,-3.0,67.0,-0.44618783001953055,43.65933122095299,0.45494456182878384
2022_09_MIN_WAS,2022,9,-3.0,37.0,-3.1311239128480732,42.595108199188445,0.3859782557846181
2022_09_SEA_ARI,2022,9,-10.0,52.0,-1.5989374892407895,48.75066636525462,0.42495969883187173
2022_09_TEN_KC,2022,9,3.0,37.0,8.630934069915622,47.76499431945391,0.6852186174178881
2022_09_BAL_NO,2022,9,-14.0,40.0,0.8293658307139034,45.457514978803644,0.4884996236347136
2022_10_ATL_CAR,2022,10,10.0,40.0,-2.193291187130191,43.32849989448433,0.4096986364391331
2022_10_ARI_LA,2022,10,-10.0,44.0,3.9056928428447364,42.965291795208195,0.569266668810244
2022_10_CLE_MIA,2022,10,22.0,56.0,3.7623268861688937,48.56364501441744,0.5655505123198443
2022_10_DAL_GB,2022,10,3.0,59.0,-4.65767807176438,42.861745101367816,0.34854112584241775
2022_10_DEN_TEN,2022,10,7.0,27.0,5.758081149284867,35.54306958466091,0.6164429981376374
2022_10_DET_CHI,2022,10,-1.0,61.0,4.1334285027801245,45.43351923223202,0.5751535851634688
2022_10_HOU_NYG,2022,10,8.0,40.0,6.3483724170670115,39.747661781303925,0.6310709980400597
2022_10_IND_LV,2022,10,-5.0,45.0,2.516088492420286,41.33364557257841,0.5329803916744973
2022_10_JAX_KC,2022,10,10.0,44.0,13.031264114051545,51.26449099288069,0.776007169259115
2022_10_LAC_SF,2022,10,6.0,38.0,5.184769823975203,45.626271906129666,0.6020308508607555
2022_10_MIN_BUF,2022,10,-3.0,63.0,6.5569056249624555,44.74671891318381,0.6361831451477259
2022_10_NO_PIT,2022,10,10.0,30.0,-0.46232050945516034,43.90891962085298,0.45452213784679435
2022_10_SEA_TB,2022,10,5.0,37.0,-3.5981397126626176,44.582207937968235,0.3743575732775208
2022_10_WAS_PHI,2022,10,-11.0,53.0,10.911411696285455,43.41033419402924,0.7347163531386859
2022_11_TEN_GB,2022,11,-10.0,44.0,0.3279310370456241,40.348025457611485,0.475279509503081
2022_11_CAR_BAL,2022,11,10.0,16.0,9.727115103036109,42.40754695053103,0.7096365642000467
2022_11_CHI_ATL,2022,11,3.0,51.0,3.3704315952316564,45.12665639236383,0.5553558064534939
2022_11_CIN_PIT,2022,11,-7.0,67.0,-5.256655713743386,44.70118670294739,0.33431968153132346
2022_11_CLE_BUF,2022,11,8.0,54.0,7.539723166598762,46.93698101848101,0.6598496754001513
2022_11_DAL_MIN,2022,11,-37.0,43.0,1.2410793485867446,45.97696252414548,0.49936714322156966
2022_11_DET_NYG,2022,11,-13.0,49.0,3.8794309933356335,45.52633432937964,0.5685865120043105
2022_11_KC_LAC,2022,11,-3.0,57.0,-5.635435762748861,53.24108755377166,0.3254773886891911
2022_11_LA_NO,2022,11,7.0,47.0,2.461886381346882,40.39314041296538,0.5315553758018743
2022_11_LV_DEN,2022,11,-6.0,38.0,1.6546821800371627,40.06247721162397,0.5102851190827903
2022_11_NYJ_NE,2022,11,7.0,13.0,5.157688981311031,40.30727218999097,0.6013454681903305
2022_11_PHI_IND,2022,11,-1.0,33.0,-3.4333838316675003,43.99538541111571,0.3784414208374696
2022_11_WAS_HOU,2022,11,-13.0,33.0,-1.7036374832712924,39.621450203791504,0.42226006768919766
2022_11_SF_ARI,2022,11,-28.0,48.0,-4.757996328293577,45.55617969480539,0.3461395460756199
2022_12_BUF_DET,2022,12,-3.0,53.0,-7.576249960419314,51.419912650266625,0.2821811396240488
2022_12_NE_MIN,2022,12,7.0,59.0,0.9978498260637034,43.35444960142133,0.49294616774848476
2022_12_NYG_DAL,2022,12,8.0,48.0,11.476326001681507,43.696148202260325,0.7461800086792818
2022_12_ATL_WAS,2022,12,6.0,32.0,3.1209261066093714,43.83968560446304,0.5488402857148231
2022_12_BAL_JAX,2022,12,1.0,55.0,-3.4942099773065047,43.83609579768925,0.3769316643411695
2022_12_CHI_NYJ,2022,12,21.0,41.0,3.658417057599763,40.42826325317294,0.5628524510781818
2022_12_CIN_TEN,2022,12,-4.0,36.0,2.74549014337136,44.89882320757149,0.5390053099764147
2022_12_DEN_CAR,2022,12,13.0,33.0,1.651068777880786,36.36689680202582,0.5101897625284064
2022_12_GB_PHI,2022,12,7.0,73.0,7.226235978368899,44.366383578022564,0.6523804340366287
2022_12_HOU_MIA,2022,12,15.0,45.0,12.744253357551564,44.255697066262044,0.7706947879092675
2022_12_LAC_ARI,2022,12,-1.0,49.0,-0.8552840932991148,48.92579667664383,0.4442542817499705
2022_12_LA_KC,2022,12,16.0,36.0,10.224890337238222,48.505957553508196,0.72034753784429
2022_12_LV_SEA,2022,12,-6.0,74.0,7.43279039530166,47.97963854091053,0.6573105561870921
2022_12_NO_SF,2022,12,13.0,13.0,6.000205268467591,42.86377056012794,0.6224702942817902
2022_12_TB_CLE,2022,12,6.0,40.0,-2.5328272809030645,45.22506306008126,0.4010559189863241
2022_12_PIT_IND,2022,12,-7.0,41.0,3.754632045112329,39.62167251244341,0.5653508437075294
2022_13_BUF_NE,2022,13,-14.0,34.0,-3.3017377464915993,45.96885556401015,0.38171703370600085
2022_13_CLE_HOU,2022,13,-13.0,41.0,-3.2292805918397063,44.34268712109749,0.3835245306270818
2022_13_DEN_BAL,2022,13,1.0,19.0,9.117915462850295,39.994818773673394,0.6962039940738804
2022_13_GB_CHI,2022,13,-9.0,47.0,0.4095864263181397,43.028743136297315,0.47743044907843546
2022_13_IND_DAL,2022,13,35.0,73.0,12.97779215485249,42.10504789719175,0.7750241126205568
2022_13_JAX_DET,2022,13,26.0,54.0,3.326290489333979,48.92318812305265,0.5542044367681535
2022_13_KC_CIN,2022,13,3.0,51.0,-2.215848974063001,52.244898639509785,0.40912264301672885
2022_13_LAC_LV,2022,13,7.0,47.0,1.1581710415385538,48.06278065220855,0.4971783308942516
2022_13_MIA_SF,2022,13,16.0,50.0,3.638665874595353,45.45972583919431,0.5623391775696691
2022_13_NYJ_MIN,2022,13,5.0,49.0,4.54489668238487,43.922400073930405,0.5857350152988379
2022_13_PIT_ATL,2022,13,-3.0,35.0,3.1367004952675717,43.28125706339359,0.5492527342308856
2022_13_SEA_LA,2022,13,-4.0,50.0,-2.769304715452334,43.75601303537952,0.3950723132567056
2022_13_TEN_PHI,2022,13,25.0,45.0,5.30532999179416,43.898278257397365,0.6050771931521522
2022_13_WAS_NYG,2022,13,0.0,40.0,0.6137370801824664,41.445131038940346,0.4828116087090064
2022_13_NO_TB,2022,13,1.0,33.0,4.21007647755355,41.92720802860549,0.5771302195378956
2022_14_LV_LA,2022,14,1.0,33.0,-0.564311450719579,42.46732672615237,0.4518531091340061
2022_14_BAL_PIT,2022,14,-2.0,30.0,-2.723067215681038,42.88164001620157,0.3962398550823284
2022_14_CAR_SEA,2022,14,-6.0,54.0,7.2707409190617645,45.02909685010535,0.6534455036613999
2022_14_CLE_CIN,2022,14,13.0,33.0,6.055226621229263,49.850596912597695,0.6238347744059977
2022_14_HOU_DAL,2022,14,4.0,50.0,17.478240949104908,42.87087854991988,0.8471164831435894
2022_14_JAX_TEN,2022,14,-14.0,58.0,6.945916369394215,43.88675485548857,0.6456372256552179
2022_14_KC_DEN,2022,14,-6.0,62.0,-9.429452161358128,44.99333978139201,0.2442770511289409
2022_14_MIA_LAC,2022,14,6.0,40.0,-0.8195333161919023,49.874571759407544,0.44518659203794775
2022_14_MIN_DET,2022,14,11.0,57.0,-0.2332050642873984,48.4177213493057,0.4605272318955546
2022_14_NYJ_BUF,2022,14,8.0,32.0,10.220935429561472,44.51064631561744,0.7202633957373489
2022_14_PHI_NYG,2022,14,-26.0,70.0,-5.840778462979896,46.917422724851384,0.3207347993958512
2022_14_TB_SF,2022,14,28.0,42.0,6.699834259995002,40.36789359927718,0.6396694114620164
2022_14_NE_ARI,2022,14,-14.0,40.0,-1.4844240962638575,44.08205255734687,0.42791749092741954
2022_15_SF_SEA,2022,15,-8.0,34.0,-2.6249178298159794,47.38230590456097,0.3987221304413849
2022_15_BAL_CLE,2022,15,10.0,16.0,-2.4095012833946727,45.15064105202327,0.40418831051611714
2022_15_IND_MIN,2022,15,3.0,75.0,6.970207480304466,43.920618883752866,0.6462239011160661
2022_15_MIA_BUF,2022,15,3.0,61.0,8.238735225020587,48.07546401948937,0.6762173693952409
2022_15_ARI_DEN,2022,15,9.0,39.0,1.0312663440410794,40.02673009820317,0.49382823452561436
2022_15_ATL_NO,2022,15,3.0,39.0,1.8053397165925977,42.25031890608078,0.5142601745572564
2022_15_CIN_TB,2022,15,-11.0,57.0,-2.028299147514141,45.566632166048365,0.41391900604817944
2022_15_DAL_JAX,2022,15,6.0,74.0,-6.940728024484529,47.36413351901312,0.29597163744103755
2022_15_DET_NYJ,2022,15,-3.0,37.0,0.7596679096768333,45.6253606458224,0.4866606832882493
2022_15_KC_HOU,2022,15,-6.0,54.0,-11.965960919675442,46.6219182908176,0.1982552747205873
2022_15_NE_LV,2022,15,6.0,54.0,0.6784965003151162,43.753395813521585,0.48451947996940364
2022_15_NYG_WAS,2022,15,-8.0,32.0,7.023637061952297,42.288231840854394,0.6475127746639053
2022_15_PHI_CHI,2022,15,-5.0,45.0,-6.580654741671132,47.66776475874638,0.30395594428672895
2022_15_PIT_CAR,2022,15,-8.0,40.0,1.1462898027203832,39.842054268315394,0.4968646683543309
2022_15_TEN_LAC,2022,15,3.0,31.0,2.262513083383254,44.58305404711976,0.5263094433681882
2022_15_LA_GB,2022,15,12.0,36.0,5.4497987603190134,41.1954984174839,0.6087169238268075
2022_16_JAX_NYJ,2022,16,-16.0,22.0,3.010485266896602,42.62823582836858,0.5459507712794287
2022_16_ATL_BAL,2022,16,8.0,26.0,5.999522363924292,40.488576496277496,0.6224533466139169
2022_16_BUF_CHI,2022,16,-22.0,48.0,-9.601939821631294,46.32428189364746,0.24093009949394034
2022_16_CIN_NE,2022,16,-4.0,40.0,-2.0007121160516217,43.94416467918237,0.41462591412021815
2022_16_DET_CAR,2022,16,14.0,60.0,-2.0928243861317872,44.849500397749374,0.41226695817875997
2022_16_HOU_TEN,2022,16,-5.0,33.0,8.764032528884307,39.04189913723124,0.6882424050065538
2022_16_LV_PIT,2022,16,3.0,23.0,0.03425079599287528,45.147904765643794,0.4675516258429803
2022_16_NO_CLE,2022,16,-7.0,27.0,2.180024065239531,44.29821658679874,0.5241372165660855
2022_16_NYG_MIN,2022,16,3.0,51.0,6.800656877464932,47.41735071178156,0.6421198373937889
2022_16_PHI_DAL,2022,16,6.0,74.0,2.2319385236483544,49.586959073652245,0.5255044191159272
2022_16_SEA_KC,2022,16,14.0,34.0,6.892530408859967,52.5143648465994,0.6443463166177149
2022_16_WAS_SF,2022,16,17.0,57.0,10.100358825439978,38.553395562941255,0.7176906674753268
2022_16_DEN_LA,2022,16,37.0,65.0,3.665457421911606,34.88052593913991,0.5630353763776402
2022_16_GB_MIA,2022,16,-6.0,46.0,3.7427489151981117,46.48990720766086,0.5650424541686808
2022_16_TB_ARI,2022,16,-3.0,35.0,-0.5137513799247704,44.29906051061241,0.4531758929617995
2022_16_LAC_IND,2022,16,-17.0,23.0,-1.7061784600410754,43.593591020254316,0.4221946070294022
2022_17_DAL_TEN,2022,17,-14.0,40.0,-5.256879999126732,41.75234763893555,0.33431441040681076
2022_17_ARI_ATL,2022,17,1.0,39.0,3.4009110310070043,41.8041924043123,0.55615048129465
2022_17_CAR_TB,2022,17,6.0,54.0,3.1294094943684914,41.34367802362287,0.5490621068525421
2022_17_CHI_DET,2022,17,31.0,51.0,7.109515243943235,48.82869004335156,0.6495799024813477
2022_17_CLE_WAS,2022,17,-14.0,34.0,1.1888813891060703,41.361615976616946,0.4979890881595882
2022_17_DEN_KC,2022,17,3.0,51.0,14.985692392284715,44.35539778044247,0.8098354371865265
2022_17_IND_NYG,2022,17,28.0,48.0,6.355883378131141,42.10410391776358,0.6312556473568787
2022_17_JAX_HOU,2022,17,-28.0,34.0,-3.3840966251864746,42.727713057456384,0.3796665028487569
2022_17_LA_LAC,2022,17,21.0,41.0,3.9625431160123936,41.99968428346244,0.5707381383354869
2022_17_MIA_NE,2022,17,2.0,44.0,1.9934304814908896,43.93038948937555,0.5192203056406341
2022_17_MIN_GB,2022,17,24.0,58.0,0.47870041435728994,45.46479200981461,0.4792516846830372
2022_17_NO_PHI,2022,17,-10.0,30.0,9.160480455658915,46.03803698346772,0.6971538634795938
2022_17_NYJ_SEA,2022,17,17.0,29.0,3.74799289596889,42.71905786276736,0.5651785515385561
2022_17_PIT_BAL,2022,17,-3.0,29.0,5.123233949922646,39.219020504629825,0.6004728797786534
2022_17_SF_LV,2022,17,-3.0,71.0,-4.703180467088411,44.40548055715491,0.3474508538765494
2022_18_KC_LV,2022,18,-18.0,44.0,-5.558932721695197,49.66322717757291,0.3272535515532164
2022_18_TEN_JAX,2022,18,4.0,36.0,5.616265774859461,41.858594629138764,0.6128959067082028
2022_18_ARI_SF,2022,18,25.0,51.0,13.294255260003755,42.871219980860566,0.7807975855430533
2022_18_BAL_CIN,2022,18,11.0,43.0,5.989848875177632,43.570588475957685,0.6222132471441022
2022_18_CAR_NO,2022,18,-3.0,17.0,3.937334086711739,41.31835992817703,0.5700857995447834
2022_18_CLE_PIT,2022,18,14.0,42.0,0.9080649268031005,41.59427658274109,0.4905764265888654
2022_18_DAL_WAS,2022,18,20.0,32.0,-7.1786067740008255,44.07419498269336,0.29076413716497834
2022_18_DET_GB,2022,18,-4.0,36.0,3.0646980010269664,47.24802554938586,0.5473695630573044
2022_18_HOU_IND,2022,18,-1.0,63.0,3.9808569430764944,36.98572138704343,0.5712118947558041
2022_18_LAC_DEN,2022,18,3.0,59.0,-4.550714656830363,40.02572735757452,0.3511102888157922
2022_18_LA_SEA,2022,18,3.0,35.0,4.399082412869377,41.85925456165906,0.5819937291881638
2022_18_MIN_CHI,2022,18,-16.0,42.0,-5.644185811213348,45.35066676727027,0.3252745578071782
2022_18_NE_BUF,2022,18,12.0,58.0,10.51334777959213,41.99418449419271,0.7264426278066313
2022_18_NYG_PHI,2022,18,6.0,38.0,8.718641576584115,46.69932272087932,0.6872129785386235
2022_18_NYJ_MIA,2022,18,5.0,17.0,5.272462479999094,39.09635715330797,0.604247487290298
2022_18_TB_ATL,2022,18,13.0,47.0,0.34834193485915366,42.79923849362814,0.475817083859153
2022_19_LAC_JAX,2022,19,1.0,61.0,2.1670281420493356,45.50182088419646,0.52379490266203
2022_19_SEA_SF,2022,19,18.0,64.0,9.606544355916238,44.4377699818106,0.707005986665921
2022_19_BAL_CIN,2022,19,7.0,41.0,6.544902494695045,43.19812440388134,0.635889710929556
2022_19_MIA_BUF,2022,19,3.0,65.0,10.056014507208896,44.51481491028279,0.7167408962152494
2022_19_NYG_MIN,2022,19,-7.0,55.0,4.817380362001633,47.262416068962395,0.592699616677339
2022_19_DAL_TB,2022,19,-17.0,45.0,-4.600451435396534,46.8754551880749,0.34991457306287044
2022_20_JAX_KC,2022,20,7.0,47.0,9.005082565183748,49.23905024479576,0.6936779436260775
2022_20_NYG_PHI,2022,20,31.0,45.0,8.863352582136507,46.61814053814241,0.6904884123394494
2022_20_CIN_BUF,2022,20,-17.0,37.0,4.188423035019191,47.409625755721386,0.5765720576506084
2022_20_DAL_SF,2022,20,7.0,31.0,4.900308772038266,49.71123653116179,0.5948120059484906
2022_21_CIN_KC,2022,21,3.0,43.0,2.601987011161879,49.759996441656874,0.5352376199546839
2022_21_SF_PHI,2022,21,24.0,38.0,-0.15184026494095315,47.901744826934156,0.46266264742487023
2022_22_KC_PHI,2022,22,-3.0,73.0,-2.883426212548591,48.32652342020749,0.39219577749936474
2023_01_DET_KC,2023,1,-1.0,41.0,6.502507932251729,50.76829645455008,0.7104319574719707
2023_01_ARI_WAS,2023,1,4.0,36.0,4.286664665991703,41.08692459735712,0.6415278042683201
2023_01_CAR_ATL,2023,1,14.0,34.0,2.3701297225808204,42.39209807483036,0.5766738919842178
2023_01_CIN_CLE,2023,1,21.0,27.0,-4.153879615265098,45.418385927637445,0.34984423400687387
2023_01_DAL_NYG,2023,1,-40.0,40.0,-3.553998812666591,48.02057808986514,0.3695108764522912
2023_01_GB_CHI,2023,1,-18.0,58.0,-5.7445171752445106,41.28059474506059,0.3002323800956229
2023_01_HOU_BAL,2023,1,16.0,34.0,7.470377483419699,38.867792943300216,0.7379389549867628
2023_01_JAX_IND,2023,1,-10.0,52.0,-3.2596792265013512,43.68102756784057,0.37932555587921823
2023_01_LA_SEA,2023,1,-17.0,43.0,3.5209665926889033,43.53141720130197,0.6160899983804317
2023_01_LV_DEN,2023,1,-1.0,33.0,0.009417326349435928,42.11757815535304,0.4932571256114083
2023_01_MIA_LAC,2023,1,-2.0,70.0,3.3665137827591134,45.33754163133101,0.6108756896142021
2023_01_PHI_NE,2023,1,-5.0,45.0,-2.7148058281874743,45.83903126417299,0.3977532660598951
2023_01_SF_PIT,2023,1,-23.0,37.0,-3.3196456120824687,43.381023767330014,0.3773175324692171
2023_01_TB_MIN,2023,1,-3.0,37.0,5.751770642633139,48.59464919771799,0.6879593732515943
2023_01_TEN_NO,2023,1,1.0,31.0,4.28792975744336,39.70834829914099,0.6415692248881515
2023_01_BUF_NYJ,2023,1,6.0,38.0,-5.073471252615991,42.24493295997835,0.32067943732628407
2023_02_MIN_PHI,2023,2,6.0,62.0,7.198362007733582,49.00144602103254,0.7303807775306911
2023_02_BAL_CIN,2023,2,-3.0,51.0,4.160861396707463,42.2719586629479,0.6373983910660589
2023_02_CHI_TB,2023,2,10.0,44.0,7.2925286871166675,42.9150497328402,0.7330127806290462
2023_02_GB_ATL,2023,2,1.0,49.0,-0.7890275237311584,44.50955583399164,0.4648948565085763
2023_02_IND_HOU,2023,2,-11.0,51.0,1.6220967000078983,41.924234218037945,0.5504855351682274
2023_02_KC_JAX,2023,2,-8.0,26.0,-2.556275794380677,48.50714886061064,0.40317227020089536
2023_02_LAC_TEN,2023,2,3.0,51.0,-1.0166699352661688,43.015877463532014,0.45684199915425977
2023_02_LV_BUF,2023,2,28.0,48.0,6.3722537230064935,46.92703809414965,0.7066020762338722
2023_02_MIA_NE,2023,2,-7.0,41.0,1.6204324280098161,46.76814132203514,0.5504269005817
2023_02_NYG_ARI,2023,2,-3.0,59.0,1.599863066292587,42.709821221234016,0.5497020985568858
2023_02_NYJ_DAL,2023,2,20.0,40.0,10.448161548779055,42.021474340103694,0.811417426403752
2023_02_SEA_DET,2023,2,-6.0,68.0,3.798355203859253,47.467201736111434,0.6253872421352324
2023_02_SF_LA,2023,2,-7.0,53.0,-4.1584552516179984,45.14881961734946,0.3496960723148102
2023_02_WAS_DEN,2023,2,-2.0,68.0,0.2451705813644769,39.70848889079629,0.5016480734918382
2023_02_CLE_PIT,2023,2,4.0,48.0,-0.2341209640248736,40.06171679176056,0.4845931338536523
2023_02_NO_CAR,2023,2,-3.0,37.0,-0.4825889666599785,39.841764942181605,0.4757633350510882
2023_03_NYG_SF,2023,3,18.0,42.0,12.299659239865694,46.49317955719419,0.8484961204041955
2023_03_ATL_DET,2023,3,14.0,26.0,2.48685811087894,47.24323052967058,0.5807257440562866
2023_03_BUF_WAS,2023,3,-34.0,40.0,-2.5033822408711712,44.90022747607925,0.40498566313378426
2023_03_CAR_SEA,2023,3,10.0,64.0,5.086428565448392,44.3397281968416,0.6672710378100241
2023_03_CHI_KC,2023,3,31.0,51.0,14.361006603466482,45.26582007883675,0.882501955996577
2023_03_DAL_ARI,2023,3,12.0,44.0,-9.550116592535975,46.00359903506836,0.1997248307662401
2023_03_DEN_MIA,2023,3,50.0,90.0,7.996612198783399,46.301540736381874,0.7521676036530587
2023_03_HOU_JAX,2023,3,-20.0,54.0,8.645177398265874,43.38689792511866,0.7689774237622783
2023_03_IND_BAL,2023,3,-3.0,41.0,7.610602268873135,41.991907695193646,0.7417814202812394
2023_03_LAC_MIN,2023,3,-4.0,52.0,1.978647029193892,50.04465930389769,0.563012348083671
2023_03_NE_NYJ,2023,3,-5.0,25.0,0.0838740238358926,36.82121189731973,0.49590700769738955
2023_03_NO_GB,2023,3,1.0,35.0,3.7254204659308527,43.157908944573784,0.6229513238258174
2023_03_PIT_LV,2023,3,-5.0,41.0,0.8788624935371301,43.419166280733165,0.5241847179637135
2023_03_TEN_CLE,2023,3,24.0,30.0,3.249049905552789,40.077028952095155,0.6068930020956758
2023_03_LA_CIN,2023,3,3.0,35.0,5.012463996517713,44.32466229897437,0.6649288967195158
2023_03_PHI_TB,2023,3,-14.0,36.0,-4.902257400322805,45.94287524803626,0.326012792675673
2023_04_DET_GB,2023,4,-14.0,54.0,2.7456727114622734,46.95166893664906,0.5896701990969152
2023_04_ARI_SF,2023,4,19.0,51.0,13.042234775604353,44.83555365789992,0.8615923256710387
2023_04_ATL_JAX,2023,4,16.0,30.0,-0.8184966820740271,41.41584927158589,0.46385126200267796
2023_04_BAL_CLE,2023,4,-25.0,31.0,3.397241817160343,40.64908781702223,0.6119151297112496
2023_04_CIN_TEN,2023,4,24.0,30.0,-2.5439956751522406,40.43597359897525,0.4035930456899465
2023_04_DEN_CHI,2023,4,-3.0,59.0,0.2233339333941584,44.383450065261734,0.5008708285166522
2023_04_KC_NYJ,2023,4,-3.0,43.0,-7.539358833355277,40.98652778564492,0.249415373681455
2023_04_LA_IND,2023,4,-6.0,52.0,1.211415012416447,44.76061024563669,0.5359781367740103
2023_04_LV_LAC,2023,4,7.0,41.0,6.149734580107659,49.62142327662282,0.6999913446267958
2023_04_MIA_BUF,2023,4,28.0,68.0,3.1641970667156754,50.648972414917246,0.6040071107615865
2023_04_MIN_CAR,2023,4,-8.0,34.0,-1.3420188506342772,47.06838525012072,0.4453728418773415
2023_04_NE_DAL,2023,4,35.0,41.0,8.735501459383185,44.39454009612778,0.7712540966912197
2023_04_PIT_HOU,2023,4,24.0,36.0,-1.8316377624708187,42.75202552706718,0.42822568942547096
2023_04_TB_NO,2023,4,-17.0,35.0,4.508434039054787,40.87124530917416,0.648756084814589
2023_04_WAS_PHI,2023,4,3.0,65.0,9.726207440230114,44.533160548894564,0.7951834587791985
2023_04_SEA_NYG,2023,4,-21.0,27.0,-2.405509488367617,45.91458403587455,0.4083479287027422
2023_05_CHI_WAS,2023,5,-20.0,60.0,8.491554127301747,43.22827523318315,0.7650689703428217
2023_05_BAL_PIT,2023,5,7.0,27.0,-0.8447909828642497,39.35589455887704,0.46292036599843067
2023_05_CAR_DET,2023,5,18.0,66.0,8.638070226082185,44.33041610243992,0.7687976121162219
2023_05_CIN_ARI,2023,5,-14.0,54.0,-1.5505102883408868,43.705155848292925,0.4380528201027928
2023_05_DAL_SF,2023,5,32.0,52.0,1.972911097461401,47.76796449245295,0.5628114165179368
2023_05_HOU_ATL,2023,5,2.0,40.0,3.360688675262587,40.956332045433705,0.6106785291429407
2023_05_JAX_BUF,2023,5,-5.0,45.0,7.197845008050032,44.94600362956911,0.7303662820502915
2023_05_KC_MIN,2023,5,-7.0,47.0,-4.807754669550635,49.29182386631088,0.32897610027448226
2023_05_NO_NE,2023,5,-34.0,34.0,1.237713344459291,38.80070674203813,0.5369092221378035
2023_05_NYG_MIA,2023,5,15.0,47.0,11.944578269500344,49.02011510296995,0.8418821640783245
2023_05_NYJ_DEN,2023,5,-10.0,52.0,1.7775169019813224,41.044754774001404,0.5559548035759442
2023_05_PHI_LA,2023,5,-9.0,37.0,-3.6651282670146044,47.16649653436934,0.36583243349596356
2023_05_TEN_IND,2023,5,7.0,39.0,1.0171895533114814,41.744104961123625,0.5290942922471489
2023_05_GB_LV,2023,5,4.0,30.0,-2.813666085361911,42.58747940087447,0.39438649951279947
2023_06_DEN_KC,2023,6,11.0,27.0,14.689714546480623,47.66050726321254,0.8872685467775805
2023_06_ARI_LA,2023,6,17.0,35.0,5.235771624490372,43.303748166171374,0.6719748991699078
2023_06_BAL_TEN,2023,6,-8.0,40.0,-3.3792650135657674,37.655909551473066,0.375325293691716
2023_06_CAR_MIA,2023,6,21.0,63.0,10.752149495165646,48.111855788074955,0.8179510740914913
2023_06_DET_TB,2023,6,-14.0,26.0,-1.1337220810586235,46.46594898833177,0.4527097730814668
2023_06_IND_JAX,2023,6,17.0,57.0,4.9387358752676995,45.0535462194831,0.662586132016023
2023_06_MIN_CHI,2023,6,-6.0,32.0,-2.72804531971787,48.72861887562558,0.3973018152097049
2023_06_NE_LV,2023,6,4.0,38.0,3.9473462692318972,40.314566452862366,0.6303435325765585
2023_06_NO_HOU,2023,6,7.0,33.0,-0.790472568181817,41.158422818031006,0.4648436757498719
2023_06_NYG_BUF,2023,6,5.0,23.0,15.263704303201422,45.430546570781935,0.8951875994165955
2023_06_PHI_NYJ,2023,6,6.0,34.0,-7.145543765941093,42.173829488347835,0.2600587594206114
2023_06_SEA_CIN,2023,6,4.0,30.0,0.7152710428774105,43.85987167857306,0.5183724826169737
2023_06_SF_CLE,2023,6,2.0,36.0,-7.451906097243456,42.63722791471162,0.2517535786781406
2023_06_WAS_ATL,2023,6,-8.0,40.0,2.8798641088319528,41.623908305682015,0.5942849165512261
2023_06_DAL_LAC,2023,6,-3.0,37.0,-1.3935685474612662,47.94193695694723,0.443560626853063
2023_07_JAX_NO,2023,7,-7.0,55.0,1.1904332301316913,40.12994067348802,0.5352351021778401
2023_07_ARI_SEA,2023,7,10.0,30.0,8.626949576166645,44.23569565468536,0.7685160630611492
2023_07_ATL_TB,2023,7,-3.0,29.0,4.37686203649539,40.345148373778,0.6444756520703608
2023_07_BUF_NE,2023,7,4.0,54.0,-10.212663073499307,42.92926374124162,0.18507343090643064
2023_07_CLE_IND,2023,7,-1.0,77.0,-0.8988256845178806,42.05234394460496,0.4610081959847841
2023_07_DET_BAL,2023,7,32.0,44.0,-0.32919412541348736,43.75540709654503,0.481213084945584
2023_07_GB_DEN,2023,7,2.0,36.0,-4.837673024731535,45.021351473441925,0.32803646803230235
2023_07_LAC_KC,2023,7,14.0,48.0,9.111639879919636,47.46836608063662,0.7805644816006736
2023_07_LV_CHI,2023,7,18.0,42.0,-1.920968635506311,45.13009759384992,0.425114463136593
2023_07_MIA_PHI,2023,7,14.0,48.0,1.9790844597996793,52.50830257031392,0.563027670573132
2023_07_PIT_LA,2023,7,-7.0,41.0,2.6232632020992845,40.073536344472174,0.5854468166618273
2023_07_WAS_NYG,2023,7,7.0,21.0,-1.2169829355205453,43.469688169967924,0.4497743903544522
2023_07_SF_MIN,2023,7,5.0,39.0,-6.949348834048911,47.95154810174031,0.26546983319523404
2023_08_TB_BUF,2023,8,6.0,42.0,9.856688644832463,44.17713597192735,0.7981924965896425
2023_08_ATL_TEN,2023,8,5.0,51.0,3.705432201834901,38.710806370882224,0.6222826519002549
2023_08_BAL_ARI,2023,8,-7.0,55.0,-6.581417060751707,40.97858568207158,0.2758092258582173
2023_08_CHI_LAC,2023,8,17.0,43.0,6.265629245354772,46.35386265858128,0.7034450402946891
2023_08_CIN_SF,2023,8,-14.0,48.0,7.396431564266624,44.06385183570886,0.7358978884162112
2023_08_CLE_SEA,2023,8,4.0,44.0,3.7659738748054465,42.501051704755184,0.624306526605173
2023_08_HOU_CAR,2023,8,2.0,28.0,-1.05152847525772,43.5623784637133,0.45561076039617826
2023_08_JAX_PIT,2023,8,-10.0,30.0,-0.2728104139256642,41.20611250680311,0.4832174556968124
2023_08_KC_DEN,2023,8,15.0,33.0,-11.108454410236366,47.709868750422196,0.1666047277520465
2023_08_LA_DAL,2023,8,23.0,63.0,8.454916228822048,45.212811594187265,0.7641300986763595
2023_08_MIN_GB,2023,8,-14.0,34.0,1.464138430856039,44.37755966449171,0.5449144245497718
2023_08_NE_MIA,2023,8,14.0,48.0,10.656892124570131,46.502077454594875,0.8159228360322687
2023_08_NO_IND,2023,8,-11.0,65.0,0.08633358352443565,43.186037837068675,0.4959945471193368
2023_08_NYJ_NYG,2023,8,-3.0,23.0,-1.2445776937985618,37.32272424623426,0.4488022910007794
2023_08_PHI_WAS,2023,8,-7.0,69.0,-7.123326466616292,45.21836329668794,0.26066790928876477
2023_08_LV_DET,2023,8,12.0,40.0,7.680394023806162,45.10372083048882,0.7436801215494334
2023_09_TEN_PIT,2023,9,4.0,36.0,4.000733099357287,39.19506483070518,0.632112877002954
2023_09_ARI_CLE,2023,9,27.0,27.0,8.647399539990612,38.95211572077329,0.7690336239273161
2023_09_BUF_CIN,2023,9,6.0,42.0,-1.842283480889308,45.6172849167439,0.4278546160548778
2023_09_CHI_NO,2023,9,7.0,41.0,7.631270623911445,40.90555820104961,0.7423446621634507
2023_09_DAL_PHI,2023,9,5.0,51.0,2.545597505794952,48.76856052322741,0.5827606198269533
2023_09_IND_CAR,2023,9,-14.0,40.0,0.7217215557609793,45.89408384752477,0.5186017672266281
2023_09_LA_GB,2023,9,17.0,23.0,2.5348675397665863,43.01304301171448,0.582389115867066
2023_09_MIA_KC,2023,9,7.0,35.0,1.252885955102392,48.534474945387245,0.5374462876924487
2023_09_MIN_ATL,2023,9,-3.0,59.0,-2.3102140610720996,43.24613447425893,0.41162991911131674
2023_09_NYG_LV,2023,9,24.0,36.0,3.754945872456711,39.096584993087475,0.6239381874880388
2023_09_SEA_BAL,2023,9,34.0,40.0,4.460077844042978,41.18067416509537,0.6471856480637163
2023_09_TB_HOU,2023,9,2.0,76.0,1.908811161453288,42.0670556914833,0.5605645871152773
2023_09_WAS_NE,2023,9,-3.0,37.0,-0.15436360179251674,40.92137049110157,0.487429774640115
2023_09_LAC_NYJ,2023,9,-21.0,33.0,-0.6569693304168682,40.57902622832854,0.469575094604882
2023_10_CAR_CHI,2023,10,3.0,29.0,2.4119610682632104,40.93410153643842,0.5781271489225509
2023_10_ATL_ARI,2023,10,2.0,48.0,-2.6043286354207824,39.013414352005775,0.40152712511299277
2023_10_CLE_BAL,2023,10,-2.0,64.0,7.23566705542379,39.538546386084505,0.7314254266968027
2023_10_DET_LAC,2023,10,-3.0,79.0,-0.3459039944380069,47.44121601185968,0.48061918312497004
2023_10_GB_PIT,2023,10,4.0,42.0,2.0822981251896246,39.65767744454439,0.5666396544070689
2023_10_HOU_CIN,2023,10,-3.0,57.0,6.403733783180173,43.842873564393365,0.7075304002636253
2023_10_IND_NE,2023,10,-4.0,16.0,-3.2492746629151563,42.1379921354226,0.3796743845577351
2023_10_NO_MIN,2023,10,8.0,46.0,3.3583980309415082,40.36521353372326,0.6106009885490464
2023_10_NYG_DAL,2023,10,32.0,66.0,13.269356778351362,41.841244455569885,0.8654035980310604
2023_10_NYJ_LV,2023,10,4.0,28.0,4.0551923963388905,35.782493990421784,0.6339141072050819
2023_10_SF_JAX,2023,10,-31.0,37.0,-0.7913745065265032,46.73959728825381,0.46481173116396235
2023_10_TEN_TB,2023,10,14.0,26.0,2.2555460532764338,41.40575942380009,0.5726864278779014
2023_10_WAS_SEA,2023,10,3.0,55.0,4.117945696963877,42.765153280104315,0.6359850236545855
2023_10_DEN_BUF,2023,10,-2.0,46.0,8.961726728031024,44.97058357511566,0.7768867318929872
2023_11_CIN_BAL,2023,11,14.0,54.0,5.621726776057196,41.968545928635436,0.6839709599510445
2023_11_ARI_HOU,2023,11,5.0,37.0,7.485455497953466,43.72633506819747,0.7383538898278975
2023_11_CHI_DET,2023,11,5.0,57.0,9.955520116528188,46.04969864447112,0.8004495893676215
2023_11_DAL_CAR,2023,11,-23.0,43.0,-8.335738841341016,44.3324736929373,0.22879680203872718
2023_11_LAC_GB,2023,11,3.0,43.0,-0.22679642598495553,44.79579267857445,0.4848535988805117
2023_11_LV_MIA,2023,11,7.0,33.0,8.073782078745285,45.32513124614693,0.7542100439274556
2023_11_MIN_DEN,2023,11,1.0,41.0,-4.270007721048728,45.31481079252547,0.3460929708197064
2023_11_NYG_WAS,2023,11,-12.0,50.0,6.693521617476676,40.22049762878745,0.7159944246882892
2023_11_NYJ_BUF,2023,11,26.0,38.0,9.687153213005246,38.55200034197911,0.7942763748300744
2023_11_PIT_CLE,2023,11,3.0,23.0,4.757598103316303,37.96957260316875,0.656796516272958
2023_11_SEA_LA,2023,11,1.0,33.0,0.747307123762629,40.15540611309679,0.5195111326217069
2023_11_TB_SF,2023,11,13.0,41.0,10.348297471958151,45.01588443594304,0.809232132517566
2023_11_TEN_JAX,2023,11,20.0,48.0,7.542467668318308,40.519486716155015,0.7399189800911009
2023_11_PHI_KC,2023,11,-4.0,38.0,2.0584491738869044,47.443827534322914,0.5658056697365524
2023_12_GB_DET,2023,12,-7.0,51.0,4.995295395109837,46.160943489218845,0.6643840720175236
2023_12_SF_SEA,2023,12,-18.0,44.0,-5.326273388932297,45.92408815305334,0.31288973647352547
2023_12_WAS_DAL,2023,12,35.0,55.0,12.641964079967455,47.31673619268648,0.8546552977490753
2023_12_MIA_NYJ,2023,12,-21.0,47.0,-6.80339549569051,41.523289191397055,0.2695415697192721
2023_12_BAL_LAC,2023,12,-10.0,30.0,-1.9022415054426336,46.75443681862176,0.4257662111855499
2023_12_BUF_PHI,2023,12,3.0,71.0,2.691353666218117,50.00762356401843,0.5877976713343905
2023_12_CAR_TEN,2023,12,7.0,27.0,4.631016621417528,38.10133203148773,0.6527226697176365
2023_12_CLE_DEN,2023,12,17.0,41.0,-2.2435821651688608,42.31447073078596,0.4139294298929027
2023_12_JAX_HOU,2023,12,-3.0,45.0,-0.2606761546768044,45.161700142377796,0.4836488863396041
2023_12_KC_LV,2023,12,-14.0,48.0,-5.282469171990118,40.90882417006268,0.3142321123559367
2023_12_LA_ARI,2023,12,-23.0,51.0,-2.3943916773746015,41.64854420945579,0.4087304131118706
2023_12_NE_NYG,2023,12,3.0,17.0,0.3751856540051326,38.31507663095771,0.5062754850630438
2023_12_NO_ATL,2023,12,9.0,39.0,0.7644133547186498,40.495058261352234,0.5201190526510395
2023_12_PIT_CIN,2023,12,-6.0,26.0,4.792004097158198,39.60852824176595,0.6578998759494997
2023_12_TB_IND,2023,12,7.0,47.0,2.9903475771898735,44.61878894129479,0.5980719171444658
2023_12_CHI_MIN,2023,12,-2.0,22.0,9.022965920195475,42.49010022374019,0.7783943710250727
2023_13_SEA_DAL,2023,13,6.0,76.0,12.946268748981378,45.93106627375635,0.8599549118409116
2023_13_ARI_PIT,2023,13,-14.0,34.0,9.871610746804084,37.1436752865114,0.7985345032214205
2023_13_ATL_NYJ,2023,13,-5.0,21.0,-1.1255881746069676,36.31374714973407,0.45299671583213924
2023_13_CAR_TB,2023,13,3.0,39.0,7.302345971858463,39.45926232406076,0.7332862361510784
2023_13_CLE_LA,2023,13,17.0,55.0,0.9177660199766231,39.7007227809201,0.5255660154243768
2023_13_DEN_HOU,2023,13,5.0,39.0,1.9775384112563477,45.587034178069864,0.5629735144446373
2023_13_DET_NO,2023,13,-5.0,61.0,-0.21869969266222178,45.71631292797755,0.4851415332106881
2023_13_IND_TEN,2023,13,-3.0,59.0,0.04452660839709921,42.30936014589291,0.4945066118736672
2023_13_KC_GB,2023,13,8.0,46.0,-1.7208502088484172,44.18670994548796,0.43209208293718315
2023_13_LAC_NE,2023,13,-6.0,6.0,-3.8440706070414823,41.49147224735514,0.35994225097375815
2023_13_MIA_WAS,2023,13,-30.0,60.0,-7.51656725373141,49.42152294360838,0.25002334766854395
2023_13_SF_PHI,2023,13,-23.0,61.0,0.682787257811797,49.774111741761125,0.5172177251644194
2023_13_CIN_JAX,2023,13,-3.0,65.0,4.408418645968021,42.00109271690553,0.6455044224189727
2023_14_NE_PIT,2023,14,-3.0,39.0,7.808512943366762,35.778732804046285,0.7471417334862767
2023_14_BUF_KC,2023,14,-3.0,37.0,0.848540220375468,47.30728078930386,0.5231078462879711
2023_14_CAR_NO,2023,14,22.0,34.0,9.18487510145565,39.71080165080687,0.7823452110234631
2023_14_DEN_LAC,2023,14,-17.0,31.0,3.845456514749449,44.14701505180625,0.6269570001474891
2023_14_DET_CHI,2023,14,15.0,41.0,-4.94201159025009,45.89870135726934,0.32477035286132266
2023_14_HOU_NYJ,2023,14,24.0,36.0,-3.4979648312000418,39.16377344143548,0.3713714255388634
2023_14_IND_CIN,2023,14,20.0,48.0,2.8213136445890727,45.56652332035606,0.5922734169545776
2023_14_JAX_CLE,2023,14,4.0,58.0,1.4419486912645274,41.94671703600648,0.5441308692854632
2023_14_LA_BAL,2023,14,6.0,68.0,9.405863165470459,43.595888939504505,0.7876552013428143
2023_14_MIN_LV,2023,14,-3.0,3.0,-1.8790479363692132,39.27563088061961,0.4265737592554964
2023_14_PHI_DAL,2023,14,20.0,46.0,6.534625392190513,51.54474241436749,0.7113717470842277
2023_14_SEA_SF,2023,14,12.0,44.0,12.57413975395015,46.256805089440135,0.8534516567405288
2023_14_TB_ATL,2023,14,-4.0,54.0,2.922983404028842,40.146002163698185,0.5957642620950044
2023_14_GB_NYG,2023,14,2.0,46.0,-4.203894886391033,40.66595053641375,0.3482262895957237
2023_14_TEN_MIA,2023,14,-1.0,55.0,11.774439652422753,45.453794106202245,0.838630841435986
2023_15_LAC_LV,2023,15,42.0,84.0,-0.5653859223504174,37.836641416871736,0.4728240722120841
2023_15_DEN_DET,2023,15,25.0,59.0,4.577429339599382,45.85985368901806,0.6509912360075543
2023_15_MIN_CIN,2023,15,3.0,51.0,2.7777658525956497,42.59146244834007,0.59077532202302
2023_15_PIT_IND,2023,15,17.0,43.0,1.916115416542079,40.44726524410158,0.5608207428218385
2023_15_ATL_CAR,2023,15,2.0,16.0,-3.6907264417318695,38.48275925263864,0.364987315739923
2023_15_BAL_JAX,2023,15,-16.0,30.0,-2.87527785301027,46.48835409920353,0.3922932977247584
2023_15_CHI_CLE,2023,15,3.0,37.0,5.9810979662476935,41.190509470154105,0.6949251422134497
2023_15_DAL_BUF,2023,15,21.0,41.0,-2.3480121727414636,48.75000899595381,0.4103271877494479
2023_15_HOU_TEN,2023,15,-3.0,35.0,1.1522274285569252,42.73346765618362,0.5338817083755041
2023_15_KC_NE,2023,15,-10.0,44.0,-6.478274242028827,39.7312720354017,0.2787520200329399
2023_15_NYG_NO,2023,15,18.0,30.0,9.124856093170212,39.039592492835396,0.7808866093875536
2023_15_NYJ_MIA,2023,15,30.0,30.0,12.567155562563613,41.458055675686595,0.8533272444215796
2023_15_SF_ARI,2023,15,-16.0,74.0,-11.851233587153963,46.03357211716689,0.1524339505879415
2023_15_TB_GB,2023,15,-14.0,54.0,4.224275335319371,42.38797987695966,0.6394824924488254
2023_15_WAS_LA,2023,15,8.0,48.0,7.740084745569098,45.35760194284557,0.7452967455124109
2023_15_PHI_SEA,2023,15,3.0,37.0,-3.0792424835718526,46.825032020291935,0.38539236341878347
2023_16_NO_LA,2023,16,8.0,52.0,2.8571319130610116,42.41075616504396,0.5935043243622683
2023_16_BUF_LAC,2023,16,-2.0,46.0,-6.244364805782827,45.89883080131915,0.28549662541003584
2023_16_CIN_PIT,2023,16,23.0,45.0,-1.3036403614329601,41.11726185458501,0.4467229734488351
2023_16_ARI_CHI,2023,16,11.0,43.0,4.814461461815051,40.17033529723366,0.658619137818333
2023_16_CLE_HOU,2023,16,-14.0,58.0,0.4169458063193481,40.36087555381142,0.507761595093769
2023_16_DAL_MIA,2023,16,2.0,42.0,0.8452937677754175,50.00212296016042,0.5229925381675408
2023_16_DET_MIN,2023,16,-6.0,54.0,-0.1136587074042823,45.26592386430792,0.4888778036736791
2023_16_GB_CAR,2023,16,-3.0,63.0,-5.433808098060308,40.25686602455405,0.3096076471743485
2023_16_IND_ATL,2023,16,19.0,39.0,-0.06876797196484041,41.65117898711708,0.49047495461077156
2023_16_JAX_TB,2023,16,18.0,42.0,2.475750850620703,44.4358360742597,0.5803406504008388
2023_16_NE_DEN,2023,16,-3.0,49.0,6.110795738057278,38.616521263534054,0.6988258106348385
2023_16_SEA_TEN,2023,16,-3.0,37.0,1.30961431808498,41.945372518240085,0.5394535243709888
2023_16_WAS_NYJ,2023,16,2.0,58.0,2.9524413816816217,38.61975027863934,0.5967739143831294
2023_16_BAL_SF,2023,16,-14.0,52.0,5.624466645253696,47.50474467823361,0.6840552736411947
2023_16_LV_KC,2023,16,-6.0,34.0,7.9536329352738155,40.31706757892917,0.7510251574538942
2023_16_NYG_PHI,2023,16,8.0,58.0,11.204445655776844,42.02306754877839,0.8273444964635388
2023_17_NYJ_CLE,2023,17,17.0,57.0,9.185421590307245,38.241075180525876,0.782358459721631
2023_17_DET_DAL,2023,17,1.0,39.0,5.706483414265194,50.56106493380094,0.6865735443830613
2023_17_ARI_PHI,2023,17,-4.0,66.0,11.558436283895333,45.322681345300005,0.8344255258992418
2023_17_ATL_CHI,2023,17,20.0,54.0,0.8117594397422518,39.52817571641897,0.5218013183462881
2023_17_CAR_JAX,2023,17,26.0,26.0,8.504860680160714,39.86903447691555,0.7654093183008542
2023_17_CIN_KC,2023,17,8.0,42.0,5.46727424359398,43.35186019050819,0.6791985534235788
2023_17_GB_MIN,2023,17,-23.0,43.0,2.5764899946492505,43.20783404261896,0.5838296855700528
2023_17_LAC_DEN,2023,17,7.0,25.0,2.6572001259884117,42.9019620613039,0.5866189981318907
2023_17_LA_NYG,2023,17,-1.0,51.0,-5.521885221324082,42.990452613317785,0.30693362978086536
2023_17_LV_IND,2023,17,3.0,43.0,2.575491565885387,40.35932677679507,0.5837951462077201
2023_17_MIA_BAL,2023,17,37.0,75.0,2.06334827640185,46.2965069300079,0.5659770192216003
2023_17_NE_BUF,2023,17,6.0,48.0,13.534817952855132,39.95013199151918,0.8697455016542327
2023_17_NO_TB,2023,17,-10.0,36.0,3.1815356695681993,42.62380960888136,0.6045974023719747
2023_17_PIT_SEA,2023,17,-7.0,53.0,2.4649256170356506,40.87024454471967,0.5799652405625952
2023_17_SF_WAS,2023,17,-17.0,37.0,-11.544240381926162,49.12679824376913,0.15816714701498072
2023_17_TEN_HOU,2023,17,23.0,29.0,3.619660696173807,40.16861192558284,0.6194080609824114
2023_18_HOU_IND,2023,18,-4.0,42.0,2.0108050160072577,44.11406133551187,0.5641384681237281
2023_18_PIT_BAL,2023,18,-7.0,27.0,12.714034222324461,42.805248932017356,0.8559252838896231
2023_18_ATL_NO,2023,18,31.0,65.0,6.229292650106108,42.1183424258403,0.7023646746885968
2023_18_BUF_MIA,2023,18,-7.0,35.0,1.1002629957145316,49.79239997693946,0.5320401348563552
2023_18_CHI_GB,2023,18,8.0,26.0,4.636782684708335,44.20156778039691,0.6529087347868028
2023_18_CLE_CIN,2023,18,17.0,45.0,0.029094245745518776,44.725939246245254,0.49395738804606887
2023_18_DAL_WAS,2023,18,-28.0,48.0,-11.591508198153434,47.150546746197556,0.1572731359160821
2023_18_DEN_LV,2023,18,13.0,41.0,3.406814287951358,38.9726186048564,0.6122387311423707
2023_18_JAX_TEN,2023,18,8.0,48.0,-1.2322533304373553,41.56824086882945,0.4492364018634657
2023_18_KC_LAC,2023,18,-1.0,25.0,-5.031498362101874,42.23509071079225,0.3219826457644503
2023_18_LA_SF,2023,18,-1.0,41.0,9.72478709634982,47.3398483712302,0.79515052158673
2023_18_MIN_DET,2023,18,10.0,50.0,6.144145661057492,46.08651448640711,0.699824213187335
2023_18_NYJ_NE,2023,18,-14.0,20.0,2.650938816167207,34.002467541890965,0.5864028058809492
2023_18_PHI_NYG,2023,18,17.0,37.0,-5.924889760643601,46.607662270964184,0.29486489756746365
2023_18_SEA_ARI,2023,18,-1.0,41.0,-1.677781387662876,44.60734745189381,0.43359741225932047
2023_18_TB_CAR,2023,18,-9.0,9.0,-6.6856479823223465,39.93495546053837,0.27285500671202073
2023_19_CLE_HOU,2023,19,31.0,59.0,1.079266410357356,43.45703767036336,0.5312957839287845
2023_19_MIA_KC,2023,19,19.0,33.0,2.402277791768727,41.77694275244311,0.5777908629348592
2023_19_GB_DAL,2023,19,-16.0,80.0,7.7769330328736,49.03055724595599,0.7462913634388524
2023_19_LA_DET,2023,19,1.0,47.0,4.341314834994748,47.17894537472146,0.6433151850374954
2023_19_PHI_TB,2023,19,23.0,41.0,1.6873393329432789,45.027623882644534,0.5527830012457875
2023_19_PIT_BUF,2023,19,14.0,48.0,8.43341359147782,41.855965805086,0.7635778720682218
2023_20_GB_SF,2023,20,3.0,45.0,8.817962815317678,46.878400730924646,0.7733187646331963
2023_20_HOU_BAL,2023,20,24.0,44.0,9.104279961232939,43.26460419149577,0.7803849457553912
2023_20_KC_BUF,2023,20,-3.0,51.0,3.728133179188336,43.651868868647554,0.6230420368362136
2023_20_TB_DET,2023,20,8.0,54.0,4.547344601954373,45.71803196443786,0.650017429232566
2023_21_DET_SF,2023,21,3.0,65.0,5.321580152670661,49.18925233120786,0.674662151641741
2023_21_KC_BAL,2023,21,-7.0,27.0,6.991482074584941,44.24177895797818,0.7245412354077381
2023_22_SF_KC,2023,22,3.0,47.0,-2.30150249395464,44.45988705949524,0.41193034415568514
2024_01_BAL_KC,2024,1,7.0,47.0,-0.7391045961724512,43.83028937357869,0.4862565963397853
2024_01_GB_PHI,2024,1,5.0,63.0,-2.9787917960367793,48.918498350421274,0.4251090590149134
2024_01_ARI_BUF,2024,1,6.0,62.0,10.103801590598085,45.32476689127485,0.7576913035153107
2024_01_CAR_NO,2024,1,37.0,57.0,11.736121545941131,41.05707067613554,0.7891766638006137
2024_01_DAL_CLE,2024,1,-16.0,50.0,-2.003361182912696,48.285503210585425,0.45157042969961614
2024_01_DEN_SEA,2024,1,6.0,46.0,3.297146461490878,43.57694366174257,0.5962509176168925
2024_01_HOU_IND,2024,1,-2.0,56.0,0.5348505224310371,44.218281565290106,0.5213424011058283
2024_01_JAX_MIA,2024,1,3.0,37.0,4.326426323947887,45.734951669131014,0.623236893634807
2024_01_LA_DET,2024,1,6.0,46.0,3.4569693817135643,49.101973137067226,0.6004841635347826
2024_01_LV_LAC,2024,1,12.0,32.0,-1.1033823654505905,39.838759674499606,0.476233837017784
2024_01_MIN_NYG,2024,1,-22.0,34.0,0.5179056793849803,43.29643240195766,0.5208763393366259
2024_01_NE_CIN,2024,1,-6.0,26.0,8.53598317647105,41.38820634164944,0.724574300722976
2024_01_PIT_ATL,2024,1,-8.0,28.0,0.01949927344899871,41.43322780497934,0.5071550281527526
2024_01_TEN_CHI,2024,1,7.0,41.0,4.469007011339581,41.02698884943876,0.6269196568834052
2024_01_WAS_TB,2024,1,17.0,57.0,9.62845419178377,43.97847830476315,0.7479433008341512
2024_01_NYJ_SF,2024,1,13.0,51.0,10.780022885561555,42.37027650352738,0.7711106657919659
2024_02_BUF_MIA,2024,2,-21.0,41.0,-1.2980815209774756,47.00365436217148,0.4708841988682258
2024_02_CHI_HOU,2024,2,6.0,32.0,3.1100775349820617,44.13145611968004,0.5912777821118538
2024_02_CIN_KC,2024,2,1.0,51.0,6.763206226959749,43.29704211346942,0.6839273888802624
2024_02_CLE_JAX,2024,2,-5.0,31.0,2.8846440483365434,43.5537658885866,0.585259914390814
2024_02_IND_GB,2024,2,6.0,26.0,5.05045371148859,47.19706247099264,0.6417824162158111
2024_02_LAC_CAR,2024,2,-23.0,29.0,-4.134200738153645,38.6197806894067,0.3943226308369842
2024_02_LA_ARI,2024,2,31.0,51.0,-2.5040064439078153,47.674325195952775,0.4379450591527051
2024_02_LV_BAL,2024,2,-3.0,49.0,8.323554281558952,42.270981489812534,0.7198774010351118
2024_02_NO_DAL,2024,2,-25.0,63.0,2.893968781491015,48.52563212216774,0.585509353101244
2024_02_NYG_WAS,2024,2,3.0,39.0,0.38921687677903294,41.87127083663989,0.5173356723842862
2024_02_NYJ_TEN,2024,2,-7.0,41.0,3.6902355229450237,39.56299405584241,0.6066357004831698
2024_02_PIT_DEN,2024,2,-7.0,19.0,-0.6592128567489968,40.049073601145494,0.48845650238352323
2024_02_SEA_NE,2024,2,-3.0,43.0,-1.4878104450689658,40.64408276738446,0.4656775417218336
2024_02_SF_MIN,2024,2,6.0,40.0,-1.7877532163505632,47.10543884792113,0.45746200636877166
2024_02_TB_DET,2024,2,-4.0,36.0,2.6499651838880327,47.45934494072931,0.578968127067498
2024_02_ATL_PHI,2024,2,-1.0,43.0,6.797448139077121,46.425767840936224,0.6847426443795064
2024_03_NE_NYJ,2024,3,21.0,27.0,4.393326199681141,39.995569441645436,0.6249666747664608
2024_03_BAL_DAL,2024,3,-3.0,53.0,0.7694632879357763,48.94334134090423,0.5277911667102949
2024_03_CAR_LV,2024,3,-14.0,58.0,12.175572167361443,36.8639125533234,0.7971221320857698
2024_03_CHI_IND,2024,3,5.0,37.0,0.03162930015032872,39.4183996885559,0.5074891842134066
2024_03_DEN_TB,2024,3,-19.0,33.0,7.293834171167925,41.129542336750006,0.6964316681356164
2024_03_DET_ARI,2024,3,-7.0,33.0,-1.8701913205282819,48.814221632937,0.4552078548005607
2024_03_GB_TEN,2024,3,-16.0,44.0,-2.779020864819644,42.1548747116866,0.43049867716595136
2024_03_HOU_MIN,2024,3,27.0,41.0,2.487257733350723,42.57080931418972,0.5745906729472814
2024_03_KC_ATL,2024,3,-5.0,39.0,-3.9018364209424568,44.393838567248366,0.400455396822776
2024_03_LAC_PIT,2024,3,10.0,30.0,3.5928265752227753,38.352966926366086,0.6040708869228751
2024_03_MIA_SEA,2024,3,21.0,27.0,2.613686256978603,45.25883094870987,0.57799313434551
2024_03_NYG_CLE,2024,3,-6.0,36.0,6.2584256588028815,40.061675652790896,0.6717796914872677
2024_03_PHI_NO,2024,3,-3.0,27.0,8.761295023359285,50.53650206889552,0.7295023463078398
2024_03_SF_LA,2024,3,3.0,51.0,-3.6736767743596794,48.483851082378884,0.40650770138343323
2024_03_JAX_BUF,2024,3,37.0,57.0,8.464889074228179,44.39091870244545,0.7230078224772312
2024_03_WAS_CIN,2024,3,-5.0,71.0,7.179453632904339,45.40189021839211,0.6937598993960882
2024_04_DAL_NYG,2024,4,-5.0,35.0,-4.324123716197686,44.82625972681319,0.389334522864532
2024_04_BUF_BAL,2024,4,25.0,45.0,-0.5531772918027977,49.129480067896964,0.4913769835263717
2024_04_CIN_CAR,2024,4,-10.0,58.0,-6.3286814099489295,44.38663440414811,0.338263397222901
2024_04_CLE_LV,2024,4,4.0,36.0,3.0951358365915573,41.533106329860864,0.5908797430452176
2024_04_DEN_NYJ,2024,4,-1.0,19.0,2.5841676724320912,39.08472084079329,0.5771993760202138
2024_04_JAX_HOU,2024,4,4.0,44.0,4.2511574950480835,43.41832092377781,0.6212869630431735
2024_04_KC_LAC,2024,4,-7.0,27.0,-2.852734810230538,41.45325952100835,0.42850796069859326
2024_04_LA_CHI,2024,4,6.0,42.0,2.5263324421212476,42.345386765016606,0.575643027076708
2024_04_MIN_GB,2024,4,-2.0,60.0,3.017890894824246,43.55532778747229,0.5888200884440493
2024_04_NE_SF,2024,4,17.0,43.0,10.644279677139439,43.38889557290973,0.7684593705510182
2024_04_NO_ATL,2024,4,2.0,50.0,-6.929223182132574,44.893239125306295,0.32360984833375667
2024_04_PHI_TB,2024,4,17.0,49.0,3.307740372206213,46.11647917072169,0.5965319709899675
2024_04_PIT_IND,2024,4,3.0,51.0,-0.2923742698652312,38.82935126993152,0.4985622342594845
2024_04_WAS_ARI,2024,4,-28.0,56.0,4.4995229192631685,48.72431515894288,0.6277059700217634
2024_04_SEA_DET,2024,4,13.0,71.0,3.751132988396841,45.459536887086465,0.6082361814461892
2024_04_TEN_MIA,2024,4,-19.0,43.0,4.9891253873306525,38.19316149745347,0.6402269832432477
2024_05_TB_ATL,2024,5,6.0,66.0,-2.3437665939479495,43.94348615763733,0.44229691590622083
2024_05_ARI_SF,2024,5,-1.0,47.0,10.600232878233253,47.64000734029124,0.7675944649135888
2024_05_BAL_CIN,2024,5,-3.0,79.0,-2.036436218655736,49.06991149981454,0.4506677986405258
2024_05_BUF_HOU,2024,5,3.0,43.0,-3.989730017557061,47.64537055522315,0.3981318488731254
2024_05_CAR_CHI,2024,5,26.0,46.0,9.431090996087736,39.29152448608655,0.7438203775215485
2024_05_CLE_WAS,2024,5,21.0,47.0,2.162159148813429,47.01423776610828,0.5658098124309068
2024_05_DAL_PIT,2024,5,-3.0,37.0,-0.4246125867838173,44.46652658787738,0.4949187434242208
2024_05_GB_LA,2024,5,-5.0,43.0,-2.381551344390773,48.47241514067106,0.44126991866338927
2024_05_IND_JAX,2024,5,3.0,71.0,-0.8907758017000407,42.517151900209015,0.4820816993192501
2024_05_LV_DEN,2024,5,16.0,52.0,2.406767584011492,36.57923054487023,0.5724208031554671
2024_05_MIA_NE,2024,5,-5.0,25.0,0.7829206304362117,38.410016796307275,0.5281608061369915
2024_05_NYG_SEA,2024,5,-9.0,49.0,5.830269477312685,41.63593261717739,0.6612917841554076
2024_05_NYJ_MIN,2024,5,6.0,40.0,4.738351158537002,40.503762424378024,0.633836334671938
2024_05_NO_KC,2024,5,13.0,39.0,1.9665220400762582,44.337396482763744,0.5605053386620922
2024_06_SF_SEA,2024,6,-12.0,60.0,-2.2007686131968085,48.0525001838562,0.44618802801524304
2024_06_ARI_GB,2024,6,21.0,47.0,7.7230582644717085,47.01882894812709,0.7063391317805771
2024_06_ATL_CAR,2024,6,-18.0,58.0,-5.2332583337830165,43.70539448538772,0.3657923368932402
2024_06_CIN_NYG,2024,6,-10.0,24.0,-0.9154634413822249,45.801852387337064,0.48140236935677866
2024_06_CLE_PHI,2024,6,4.0,36.0,4.958184413257278,42.925121499215145,0.6394411243191989
2024_06_DET_DAL,2024,6,-38.0,56.0,0.5404186607658827,50.43807072748761,0.5214955426630891
2024_06_HOU_NE,2024,6,-20.0,62.0,-2.4144771136853076,39.67888076430408,0.4403753987360306
2024_06_IND_TEN,2024,6,-3.0,37.0,1.059059679117816,43.532200684925286,0.535738258152044
2024_06_JAX_CHI,2024,6,19.0,51.0,3.397500642191297,41.99173304386492,0.5989107256675161
2024_06_LAC_DEN,2024,6,-7.0,39.0,3.3381450506153953,35.74188161635475,0.5973382458778995
2024_06_PIT_LV,2024,6,-19.0,45.0,-0.1655718145665297,40.19761872746997,0.5020561021314245
2024_06_TB_NO,2024,6,-24.0,78.0,3.3640780500563703,47.25600485684505,0.5980255248996265
2024_06_WAS_BAL,2024,6,7.0,53.0,7.820693042369577,51.07070381468195,0.7085662189545617
2024_06_BUF_NYJ,2024,6,-3.0,43.0,-4.805520573619656,42.670691332090044,0.37679657500413777
2024_07_DEN_NO,2024,7,-23.0,43.0,3.7021052365220726,39.6591826797438,0.6069478360386488
2024_07_CAR_WAS,2024,7,33.0,47.0,11.0165271872887,48.40219396156613,0.7756788049856287
2024_07_CIN_CLE,2024,7,-7.0,35.0,-2.241173259588836,45.02524583608006,0.445087889106262
2024_07_DET_MIN,2024,7,-2.0,60.0,1.505967236222373,46.472358683504666,0.5479653318856779
2024_07_HOU_GB,2024,7,2.0,46.0,5.018347560563813,46.48443217663746,0.6409684972165507
2024_07_KC_SF,2024,7,-10.0,46.0,1.0156040200583094,46.85871635858044,0.5345468072497088
2024_07_LV_LA,2024,7,5.0,35.0,3.8506973538404043,44.18513030108083,0.6108478699262243
2024_07_MIA_IND,2024,7,6.0,26.0,3.128761402931202,41.22705040023521,0.5917753422244577
2024_07_NE_JAX,2024,7,16.0,48.0,1.7105036904820072,39.764863860863656,0.5535429474296331
2024_07_NYJ_PIT,2024,7,22.0,52.0,7.452534015733946,39.32269026074711,0.700116787730861
2024_07_PHI_NYG,2024,7,-25.0,31.0,-0.9172217869120489,43.414134757381646,0.48135398754299985
2024_07_SEA_ATL,2024,7,-20.0,48.0,3.15129456077077,47.83215616889248,0.5923751605067151
2024_07_TEN_BUF,2024,7,24.0,44.0,10.133326341480624,43.093502985869826,0.7582882341649996
2024_07_BAL_TB,2024,7,-10.0,72.0,-0.1594313413668056,50.69987324324278,0.5022252921050385
2024_07_LAC_ARI,2024,7,2.0,32.0,-1.123181464212998,41.90567142137122,0.47568955855019956
2024_08_MIN_LA,2024,8,10.0,50.0,-2.1324260376811597,44.11284071994038,0.4480500566190369
2024_08_ARI_MIA,2024,8,-1.0,55.0,2.762591435881536,41.79036213242207,0.5819909932731095
2024_08_ATL_TB,2024,8,-5.0,57.0,6.070572417904831,48.75532583936154,0.6671984463242355
2024_08_BAL_CLE,2024,8,5.0,53.0,-8.013629030412288,45.824544419387664,0.2980189700406381
2024_08_BUF_SEA,2024,8,-21.0,41.0,-3.0379679879674435,48.65667739809021,0.4235158969328367
2024_08_CAR_DEN,2024,8,14.0,42.0,14.758418066457619,38.64796190603807,0.8393058250920054
2024_08_CHI_WAS,2024,8,3.0,33.0,1.104454832319279,44.76070186464157,0.5369824496494873
2024_08_DAL_SF,2024,8,6.0,54.0,3.1258163300128987,48.325145738023686,0.591696926018905
2024_08_GB_JAX,2024,8,-3.0,57.0,-5.278918967747883,47.72296640148255,0.36462564917658535
2024_08_IND_HOU,2024,8,3.0,43.0,2.7569328060139133,43.034849904966094,0.581839261642991
2024_08_KC_LV,2024,8,-7.0,47.0,-5.588083575877164,41.51578455800977,0.3567684662866313
2024_08_NO_LAC,2024,8,18.0,34.0,0.7463372386375229,39.8467085531712,0.5271558812153554
2024_08_NYJ_NE,2024,8,3.0,47.0,-0.5823701864907167,39.09863460835693,0.4905728719865429
2024_08_PHI_CIN,2024,8,-20.0,54.0,2.3587172801859033,48.12782420397696,0.5711241183119299
2024_08_TEN_DET,2024,8,38.0,66.0,12.303927232027979,46.52203359110178,0.7994002932197688
2024_08_NYG_PIT,2024,8,8.0,44.0,10.299385365816287,38.63568584830494,0.761626916395534
2024_09_HOU_NYJ,2024,9,8.0,34.0,-2.8556162007934387,42.125771535630186,0.42843019249192893
2024_09_CHI_ARI,2024,9,20.0,38.0,-2.1121492754259443,43.45460396174883,0.44860279016147964
2024_09_DAL_ATL,2024,9,6.0,48.0,1.576981715932929,48.392774310354,0.549903302766426
2024_09_DEN_BAL,2024,9,31.0,51.0,6.142970144038207,46.47508571210373,0.6689678410007647
2024_09_DET_GB,2024,9,-10.0,38.0,-1.7699552079459542,49.6510279499589,0.4579488992610437
2024_09_IND_MIN,2024,9,8.0,34.0,5.653954782826115,42.773079190369465,0.6569256432575852
2024_09_JAX_PHI,2024,9,5.0,51.0,6.639647749446709,46.25543174068645,0.6809762301373943
2024_09_LAC_CLE,2024,9,-17.0,37.0,0.161750648216213,40.87471059669151,0.5110732648355741
2024_09_LA_SEA,2024,9,-6.0,46.0,0.38819779099029805,46.74654532557092,0.5173076264470625
2024_09_LV_CIN,2024,9,17.0,65.0,5.987111779167625,45.17560261906701,0.6651528110502299
2024_09_MIA_BUF,2024,9,3.0,57.0,10.892652019443082,44.07527494373373,0.7732942455804944
2024_09_NE_TEN,2024,9,3.0,37.0,3.182647255650351,38.99704856322537,0.5932092911109283
2024_09_NO_CAR,2024,9,1.0,45.0,-6.488325799417545,40.10699685481437,0.33433614101279835
2024_09_WAS_NYG,2024,9,-5.0,49.0,-4.4404110445497444,45.06256054407539,0.386291691171949
2024_09_TB_KC,2024,9,6.0,54.0,6.03167284292288,46.9424421826711,0.6662457889602599
2024_10_CIN_BAL,2024,10,1.0,69.0,7.092757422106699,53.071408231763655,0.6917260742949987
2024_10_ATL_NO,2024,10,3.0,37.0,0.2987953375546619,48.77061762846972,0.5148468052968405
2024_10_BUF_IND,2024,10,-10.0,50.0,-5.4483373766444565,45.84002085827454,0.3603107640950272
2024_10_DEN_KC,2024,10,2.0,30.0,8.889061441818653,41.970276788935905,0.7322720876374607
2024_10_DET_HOU,2024,10,-3.0,49.0,-4.831480439532266,47.61857442293421,0.3761249503943291
2024_10_MIN_JAX,2024,10,-5.0,19.0,-2.270170537102841,45.63790222136488,0.4442986813139486
2024_10_NE_CHI,2024,10,-16.0,22.0,9.554540328862197,38.928730042974124,0.7464044049071928
2024_10_NYG_CAR,2024,10,3.0,37.0,-5.7697056927043295,38.25530391436034,0.3521880452438691
2024_10_NYJ_ARI,2024,10,25.0,37.0,3.650965376293036,44.600236138317975,0.6056024015530779
2024_10_PHI_DAL,2024,10,-28.0,40.0,-1.4107428089332812,46.91660932670036,0.467791641681851
2024_10_PIT_WAS,2024,10,-1.0,55.0,-0.3277723669633579,46.53452124999792,0.4975868986385987
2024_10_SF_TB,2024,10,-3.0,43.0,-0.5634897570483641,51.38232028316842,0.4910929237422365
2024_10_TEN_LAC,2024,10,10.0,44.0,7.983105520788788,39.73468114542954,0.7122487849571404
2024_10_MIA_LA,2024,10,-8.0,38.0,5.758354452445045,44.40666029713929,0.6595141903824329
2024_11_WAS_PHI,2024,11,8.0,44.0,4.691518857368938,48.194354151075615,0.6326375594163716
2024_11_ATL_DEN,2024,11,32.0,44.0,2.515577304028019,42.9246886755406,0.5753534393091011
2024_11_BAL_PIT,2024,11,2.0,34.0,-0.6249365119746342,50.33346963655144,0.4894004809384496
2024_11_CIN_LAC,2024,11,7.0,61.0,1.2505099199579515,44.49786297023792,0.5409823312113763
2024_11_CLE_NO,2024,11,21.0,49.0,3.816551017079308,44.947615393434496,0.6099528802350944
2024_11_GB_CHI,2024,11,-1.0,39.0,-2.8038636651032225,43.591832858103935,0.42982751891057785
2024_11_IND_NYJ,2024,11,-1.0,55.0,0.22508366879879427,40.11675551016029,0.512817329401217
2024_11_JAX_DET,2024,11,46.0,58.0,14.094425756324998,46.40489105835113,0.8291889684003575
2024_11_KC_BUF,2024,11,9.0,51.0,3.467533943736737,47.23361926262037,0.6007634673925716
2024_11_LA_NE,2024,11,-6.0,50.0,-1.8778926444969835,41.26787458646203,0.45499736542532226
2024_11_LV_MIA,2024,11,15.0,53.0,3.4215269746603734,42.354311902777575,0.5995466674656098
2024_11_MIN_TEN,2024,11,-10.0,36.0,-5.18975521410561,41.42623771527288,0.3669053645311467
2024_11_SEA_SF,2024,11,-3.0,37.0,5.5338755958192385,47.88405624376215,0.6539367562653741
2024_11_HOU_DAL,2024,11,-24.0,44.0,-1.333437766756984,43.122722922341836,0.46991341643125945
2024_12_PIT_CLE,2024,12,5.0,43.0,-6.067698927373213,42.74903622431706,0.3447316551119262
2024_12_ARI_SEA,2024,12,10.0,22.0,0.19557526501664468,47.63621381617417,0.5120047632968463
2024_12_DAL_WAS,2024,12,-8.0,60.0,8.036034602785081,47.474222703128085,0.7134428977626825
2024_12_DEN_LV,2024,12,-10.0,48.0,-3.1461591676303073,41.75763420636284,0.4206072661115805
2024_12_DET_IND,2024,12,-18.0,30.0,-9.029030500699175,45.423726687715146,0.2751473301028626
2024_12_KC_CAR,2024,12,-3.0,57.0,-10.173732547758254,42.57925632080268,0.2507107763359148
2024_12_MIN_CHI,2024,12,-3.0,57.0,-1.4389996421041307,40.79757507103501,0.46701636903195254
2024_12_NE_MIA,2024,12,19.0,49.0,5.670368606678789,41.842139966965085,0.6573332408300006
2024_12_PHI_LA,2024,12,-17.0,57.0,-3.104090064803789,45.45970474438802,0.4217376160795693
2024_12_SF_GB,2024,12,28.0,48.0,2.8063908873259824,48.184323203258934,0.5831649135673804
2024_12_TB_NYG,2024,12,-23.0,37.0,-3.9513309382364805,45.11253073631615,0.399146405890902
2024_12_TEN_HOU,2024,12,-5.0,59.0,9.995654970985436,42.119354792569375,0.7554962463672745
2024_12_BAL_LAC,2024,12,-7.0,53.0,-1.477461790743595,47.96441964922467,0.4659613534226114
2024_13_CHI_DET,2024,13,3.0,43.0,14.416650296974904,44.83030924836242,0.8341603358317442
2024_13_MIA_GB,2024,13,13.0,47.0,7.7114211270743915,45.32801381011853,0.7060730218159629
2024_13_NYG_DAL,2024,13,7.0,47.0,5.331789484798667,41.382130964977705,0.6488791850954352
2024_13_LV_KC,2024,13,2.0,36.0,12.635489791357687,43.59909036954791,0.8051962773860089
2024_13_ARI_MIN,2024,13,1.0,45.0,4.943230541658297,44.06368020577983,0.6390610479553696
2024_13_HOU_JAX,2024,13,-3.0,43.0,-3.427177635481161,41.640617654861565,0.4130784936644338
2024_13_IND_NE,2024,13,-1.0,49.0,-0.24309945031400648,40.60766853817558,0.4999199364622148
2024_13_LAC_ATL,2024,13,-4.0,30.0,0.3205010403130608,44.23902627061506,0.5154443300152151
2024_13_LA_NO,2024,13,-7.0,35.0,4.2086292642935605,47.04822301799305,0.6201834773095779
2024_13_PHI_BAL,2024,13,-5.0,43.0,1.832859270680917,50.710125727806535,0.5568731870517479
2024_13_PIT_CIN,2024,13,-6.0,82.0,0.5761151301371858,47.68420303599221,0.5224772121768836
2024_13_SEA_NYJ,2024,13,-5.0,47.0,-0.6652446382581076,41.87652843452689,0.4882903940368719
2024_13_SF_BUF,2024,13,25.0,45.0,9.539066298326047,47.20669502486322,0.7460814495249551
2024_13_TB_CAR,2024,13,-3.0,49.0,-7.983331093809442,45.60461679575202,0.2987180320349389
2024_13_TEN_WAS,2024,13,23.0,61.0,7.8704207975091816,45.48893925944784,0.7096966984348614
2024_13_CLE_DEN,2024,13,9.0,73.0,7.565178685250725,40.95869581874017,0.7027168922668936
2024_14_GB_DET,2024,14,3.0,65.0,6.277800054292268,49.24214086143015,0.672250345515773
2024_14_ATL_MIN,2024,14,21.0,63.0,7.995558783997126,44.30330448443864,0.7125300049683472
2024_14_BUF_LA,2024,14,2.0,86.0,-6.5474103936622825,47.285976354108726,0.3328884245914992
2024_14_CAR_PHI,2024,14,6.0,38.0,15.658218436631003,43.484225760082545,0.8522355662749584
2024_14_CHI_SF,2024,14,25.0,51.0,3.8513505000297465,42.05676670854176,0.6108649819015869
2024_14_CLE_PIT,2024,14,13.0,41.0,11.187114683938754,45.735559889573906,0.7789332898441865
2024_14_JAX_TEN,2024,14,-4.0,16.0,2.7246347749322246,41.197206192664794,0.5809729200904761
2024_14_LAC_KC,2024,14,2.0,36.0,7.093277538133007,42.57898635005376,0.6917382981204799
2024_14_LV_TB,2024,14,15.0,41.0,8.47118530154799,46.903660913615475,0.7231467743542679
2024_14_NO_NYG,2024,14,-3.0,25.0,-3.1847497396832005,42.31284226199598,0.41957111167888506
2024_14_NYJ_MIA,2024,14,6.0,58.0,5.988552369971034,44.14010313406232,0.6651881731525194
2024_14_SEA_ARI,2024,14,-12.0,48.0,0.9292595240975801,44.27721998587435,0.5321782893241321
2024_14_CIN_DAL,2024,14,-7.0,47.0,0.09011297559980624,49.03663548706287,0.5091001840345426
2024_15_LA_SF,2024,15,-6.0,18.0,3.0819084207116174,46.874872865840445,0.5905272721200099
2024_15_BAL_NYG,2024,15,-21.0,49.0,-9.64766828870516,45.93452733230135,0.2617592332611591
2024_15_BUF_DET,2024,15,-6.0,90.0,4.6338394442515725,52.714217972543075,0.6311588726671173
2024_15_CIN_TEN,2024,15,-10.0,64.0,-4.550223202672848,46.63011243060872,0.3834264183927591
2024_15_DAL_CAR,2024,15,-16.0,44.0,-2.6913322746742767,43.26737388383768,0.43286971681724806
2024_15_GB_SEA,2024,15,-17.0,43.0,-1.3531986774044462,46.96306439767116,0.46937093644352285
2024_15_IND_DEN,2024,15,18.0,44.0,7.043201146835303,41.67730702413566,0.6905601663114465
2024_15_KC_CLE,2024,15,-14.0,28.0,-7.718098635775586,44.78335223784242,0.304877643886772
2024_15_MIA_HOU,2024,15,8.0,32.0,5.904181645007311,44.74950574776234,0.6631140128632518
2024_15_NE_ARI,2024,15,13.0,47.0,5.508231008630666,41.963520699600686,0.6532968499695125
2024_15_NYJ_JAX,2024,15,-7.0,57.0,0.9997184769031349,41.398094182496514,0.5341111642704269
2024_15_PIT_PHI,2024,15,14.0,40.0,4.467644379689936,44.82382710141075,0.626884529828226
2024_15_TB_LAC,2024,15,-23.0,57.0,0.7791044249054462,44.614534608999605,0.5280559876670031
2024_15_WAS_NO,2024,15,-1.0,39.0,-0.971981237918345,49.978845674298974,0.47984743163520355
2024_15_ATL_LV,2024,15,-6.0,24.0,-0.35588347683816934,46.04698583172623,0.49681235653638406
2024_15_CHI_MIN,2024,15,18.0,42.0,10.23597661783964,42.4824277656079,0.760355808438597
2024_16_DEN_LAC,2024,16,7.0,61.0,-0.14094557267266739,41.87304025259615,0.5027346318192877
2024_16_HOU_KC,2024,16,8.0,46.0,6.196598252226442,42.87168818650829,0.6702754378456679
2024_16_PIT_BAL,2024,16,17.0,51.0,4.405979024103347,49.197740854549586,0.6252934726179873
2024_16_ARI_CAR,2024,16,6.0,66.0,-5.773996612740529,43.1670847319133,0.35208015445649793
2024_16_CLE_CIN,2024,16,18.0,30.0,10.127148264643681,49.09891324568338,0.7581634088924001
2024_16_DET_CHI,2024,16,-17.0,51.0,-10.78395698804956,49.479555412214914,0.23828936988091148
2024_16_JAX_LV,2024,16,5.0,33.0,0.8854199497976796,41.572687914603904,0.5309751628687284
2024_16_LA_NYJ,2024,16,-10.0,28.0,-1.499176003601117,44.85360528000219,0.4653658670467705
2024_16_MIN_SEA,2024,16,-3.0,51.0,-2.160212918601913,45.47247467700428,0.44729281000697235
2024_16_NE_BUF,2024,16,3.0,45.0,16.576398813754597,47.344008720365764,0.8645305970919461
2024_16_NYG_ATL,2024,16,27.0,41.0,5.655368735740032,40.977071532302574,0.6569607644730378
2024_16_PHI_WAS,2024,16,3.0,69.0,-1.9048117107621914,48.44038256252319,0.45426175154839393
2024_16_SF_MIA,2024,16,12.0,46.0,0.6048253562239787,46.35707617245909,0.52326663114212
2024_16_TB_DAL,2024,16,2.0,50.0,-4.244004934053869,47.41266334318073,0.3914359926033314
2024_16_TEN_IND,2024,16,8.0,68.0,6.057324504561196,40.426791240360174,0.6668741555834455
2024_16_NO_GB,2024,16,34.0,34.0,7.4095015804769115,42.691402119436056,0.6991200729789413
2024_17_BAL_HOU,2024,17,-29.0,33.0,-3.2306629011223396,49.506794721251154,0.4183392700169374
2024_17_KC_PIT,2024,17,-19.0,39.0,-1.27000796029161,45.94101585791126,0.47165517665742335
2024_17_SEA_CHI,2024,17,-3.0,9.0,-2.860990646594725,43.508098531097815,0.42828514662730205
2024_17_ARI_LA,2024,17,4.0,22.0,4.332295721988143,45.91396368236992,0.623388780839109
2024_17_DEN_CIN,2024,17,6.0,54.0,1.6900185508521888,48.970502182510145,0.5529849104280854
2024_17_LAC_NE,2024,17,-33.0,47.0,-3.991631833126777,41.738627256709506,0.39808162292476434
2024_17_ATL_WAS,2024,17,6.0,54.0,6.332168399636046,48.58713141701492,0.673569242280493
2024_17_CAR_TB,2024,17,34.0,62.0,12.901388841321564,47.402875770451146,0.8097520141596057
2024_17_DAL_PHI,2024,17,34.0,48.0,8.962101660540654,43.864475870452345,0.7338473587187904
2024_17_GB_MIN,2024,17,2.0,52.0,1.7834614391364756,47.40300002470034,0.5555292888190454
2024_17_IND_NYG,2024,17,12.0,78.0,-3.3412052321549868,39.084191688121464,0.41537764206160616
2024_17_LV_NO,2024,17,-15.0,35.0,5.235717386452699,39.28050365061005,0.6464629480384474
2024_17_MIA_CLE,2024,17,-17.0,23.0,-2.7634517546821775,40.252917633051155,0.43091942586224763
2024_17_NYJ_BUF,2024,17,26.0,54.0,14.073953351759188,47.74155175838693,0.8288691514026691
2024_17_TEN_JAX,2024,17,7.0,33.0,2.398316186487725,42.95114216520159,0.5721928054319838
2024_17_DET_SF,2024,17,-6.0,74.0,-7.813587028941299,50.02713501454184,0.3026518587252882
2024_18_CIN_PIT,2024,18,-2.0,36.0,1.0217822127414762,49.3567322007281,0.5347162229706311
2024_18_CLE_BAL,2024,18,25.0,45.0,16.788363715518948,45.19441005030241,0.8672434351843432
2024_18_BUF_NE,2024,18,7.0,39.0,-13.241101929216704,48.057658127120774,0.192647977946673
2024_18_CAR_ATL,2024,18,-6.0,82.0,9.093815621057598,44.74498097246698,0.7366730821151414
2024_18_CHI_GB,2024,18,-2.0,46.0,13.278876828510962,43.597730156125266,0.8160789446132252
2024_18_HOU_TEN,2024,18,-9.0,37.0,-4.235406217027155,42.59988182449701,0.39166177291519644
2024_18_JAX_IND,2024,18,3.0,49.0,4.339152966973849,43.803226140139664,0.6235662006538465
2024_18_KC_DEN,2024,18,38.0,38.0,-2.2714890077057244,45.568547034321995,0.4442628036526665
2024_18_LAC_LV,2024,18,-14.0,54.0,-4.630857705815773,42.47843396262944,0.3813275942819493
2024_18_MIA_NYJ,2024,18,12.0,52.0,-2.0328782085847865,42.0766848535937,0.45076488269234494
2024_18_MIN_DET,2024,18,22.0,40.0,5.409543873690225,52.6466902351622,0.6508291629265824
2024_18_NO_TB,2024,18,8.0,46.0,10.573467002163378,44.69491846838679,0.7670677893639354
2024_18_NYG_PHI,2024,18,7.0,33.0,17.10843371535801,41.56277833540562,0.871252546316066
2024_18_SEA_LA,2024,18,-5.0,55.0,2.6496567573636645,42.14052448051723,0.5789598407178561
2024_18_SF_ARI,2024,18,23.0,71.0,1.558983547798419,46.46102669090807,0.5494122772638714
2024_18_WAS_DAL,2024,18,-4.0,42.0,-4.075494529351756,47.31020178587185,0.3958690006524071
2024_19_LAC_HOU,2024,19,20.0,44.0,-0.4386844135374899,41.624769609060685,0.4945310549742141
2024_19_PIT_BAL,2024,19,14.0,42.0,9.54444140175904,47.604906301218946,0.7461936629751948
2024_19_DEN_BUF,2024,19,24.0,38.0,6.18636964743898,48.850010477551805,0.6700262395478063
2024_19_GB_PHI,2024,19,12.0,32.0,4.6462905946449915,44.6167841731669,0.6314782837789271
2024_19_WAS_TB,2024,19,-3.0,43.0,2.404627865292656,50.99548757373067,0.5723630817607986
2024_19_MIN_LA,2024,19,18.0,36.0,-4.354397289984455,44.26117080189653,0.38854152872137543
2024_20_HOU_KC,2024,20,9.0,37.0,7.090285480384216,39.5805406776648,0.6916679747689979
2024_20_WAS_DET,2024,20,-14.0,76.0,8.506593658147901,53.68148286592623,0.7239274020660353
2024_20_BAL_BUF,2024,20,2.0,52.0,-0.08654081606118913,53.62998571596537,0.5042336130866749
2024_20_LA_PHI,2024,20,6.0,50.0,7.66629910530051,44.754854878157985,0.7050398732765377
2024_21_BUF_KC,2024,21,3.0,61.0,-0.11527071878799822,48.38773082525096,0.5034420432718321
2024_21_WAS_PHI,2024,21,32.0,78.0,5.052051362533097,48.75640464458291,0.6418228967781714
2024_22_KC_PHI,2024,22,18.0,62.0,4.561168923899531,47.17502355801245,0.6292923589584491
2025_01_DAL_PHI,2025,1,4.0,44.0,13.596714423083446,48.010953149436006,0.8807713521369563
2025_01_KC_LAC,2025,1,6.0,48.0,-1.8830664980177771,44.1373862361053,0.39255187962526
2025_01_ARI_NO,2025,1,-7.0,33.0,-2.055360890677442,42.588408924881804,0.3861048047818465
2025_01_BAL_BUF,2025,1,1.0,81.0,0.19679888067578277,52.21020251760246,0.472714794959352
2025_01_CAR_JAX,2025,1,16.0,36.0,3.47774925692242,44.96702413511117,0.6004012785097064
2025_01_CIN_CLE,2025,1,-1.0,33.0,-7.825935941115953,42.898814050412255,0.20230617419263128
2025_01_DET_GB,2025,1,14.0,40.0,-1.7973082228694044,50.68121557620068,0.3957750362258617
2025_01_HOU_LA,2025,1,5.0,23.0,2.837181217487569,43.42938169623857,0.5759864631235291
2025_01_LV_NE,2025,1,-7.0,33.0,0.700843693816781,43.74177778232528,0.4925210445550332
2025_01_MIA_IND,2025,1,25.0,41.0,1.341483660285477,45.03965876300153,0.5177205429033728
2025_01_NYG_WAS,2025,1,15.0,27.0,9.866587260964382,46.16731646561878,0.8041871424580306
2025_01_PIT_NYJ,2025,1,-2.0,66.0,0.04344694223744083,43.72217822219383,0.46670302319097123
2025_01_SF_SEA,2025,1,-4.0,30.0,3.877801241844116,44.89620676159878,0.6154077358593122
2025_01_TB_ATL,2025,1,-3.0,43.0,-2.7907501761185434,50.08169654536823,0.35905735530456534
2025_01_TEN_DEN,2025,1,8.0,32.0,10.044016964136878,44.29121644864462,0.8085472631669373
2025_01_MIN_CHI,2025,1,-3.0,51.0,-3.8240000421011193,43.38912478291164,0.3225493879314359
2025_02_WAS_GB,2025,2,9.0,45.0,3.188157687159939,47.78687644407466,0.589417709901032
2025_02_ATL_MIN,2025,2,-16.0,28.0,4.265036371777466,45.48614356018008,0.6297275104739177
2025_02_BUF_NYJ,2025,2,-20.0,40.0,-7.0587807302182295,50.34689394280499,0.22249239520809178
2025_02_CAR_ARI,2025,2,5.0,49.0,8.215085485830857,46.138591012176335,0.7600117221292776
2025_02_CHI_DET,2025,2,31.0,73.0,11.708381224763944,48.29660729035301,0.8458676707115136
2025_02_CLE_BAL,2025,2,24.0,58.0,13.959248695296925,47.876491914424825,0.8866343312251459
2025_02_DEN_IND,2025,2,1.0,57.0,0.3159048520367922,46.00203166587476,0.4773895967335858
2025_02_JAX_CIN,2025,2,4.0,58.0,6.840708808119066,47.791736742778156,0.7183782715130491
2025_02_LA_TEN,2025,2,-14.0,52.0,-5.136446467334411,41.85834684744832,0.2791573020390774
2025_02_NE_MIA,2025,2,-6.0,60.0,6.312612456935135,42.96085736736389,0.701262020822512
2025_02_NYG_DAL,2025,2,3.0,77.0,6.280216128979598,43.37558436582194,0.7001927519596168
2025_02_PHI_KC,2025,2,-3.0,37.0,-4.636948805879296,46.74714829052467,0.2952480832960314
2025_02_SEA_PIT,2025,2,-14.0,48.0,2.3663831571163767,43.969031506488506,0.5577955496836654
2025_02_SF_NO,2025,2,-5.0,47.0,-2.0044537915202354,42.84724261492623,0.38800565273179993
2025_02_LAC_LV,2025,2,-11.0,29.0,-3.6378685457490127,45.46723285528372,0.3289836903016921
2025_02_TB_HOU,2025,2,-1.0,39.0,-2.524623804306603,45.051603792490646,0.36875249100521235
2025_03_MIA_BUF,2025,3,10.0,52.0,10.421231933685057,50.995373302575985,0.8175696722705706
2025_03_ARI_SF,2025,3,1.0,31.0,1.3097744199981416,45.3533250968343,0.5164743280552235
2025_03_ATL_CAR,2025,3,30.0,30.0,-3.883851888176617,47.55210601870291,0.32049445210779
2025_03_CIN_MIN,2025,3,38.0,58.0,-1.641460537489321,42.941768324990974,0.4016555152223239
2025_03_DAL_CHI,2025,3,17.0,45.0,-0.4292410367642283,46.228730035011075,0.4482407374054437
2025_03_DEN_LAC,2025,3,3.0,43.0,2.7469639636538217,46.229692558804096,0.5725149521129563
2025_03_GB_CLE,2025,3,3.0,23.0,-9.603484388670127,43.89363745811471,0.1608779957255481
2025_03_HOU_JAX,2025,3,7.0,27.0,0.320989498222747,41.45909398148997,0.47758925853694356
2025_03_IND_TEN,2025,3,-21.0,61.0,-4.530816036070638,44.243548417378115,0.2987356783865867
2025_03_KC_NYG,2025,3,-13.0,31.0,-4.5105829198107354,45.199046862853486,0.2994032303850372
2025_03_LA_PHI,2025,3,7.0,59.0,7.443973459890163,47.63221700756178,0.7371831440130083
2025_03_LV_WAS,2025,3,17.0,65.0,8.2969510401278,44.996791679522225,0.7623539460696175
2025_03_NO_SEA,2025,3,31.0,57.0,8.22176894653206,41.30170444229634,0.7602035308403082
2025_03_NYJ_TB,2025,3,2.0,56.0,10.13685197544052,47.95431968871349,0.8107988722719338
2025_03_PIT_NE,2025,3,-7.0,35.0,-1.4746753177301302,44.852076212788575,0.4079801523081882
2025_03_DET_BAL,2025,3,-8.0,68.0,1.154258241623902,55.018281176494625,0.5103596621255113
2025_04_SEA_ARI,2025,4,-3.0,43.0,0.2718238648367741,43.18385279624129,0.4756589522405667
2025_04_BAL_KC,2025,4,17.0,57.0,-1.4473997319277765,49.27566290571686,0.4090174316545653
2025_04_CAR_NE,2025,4,29.0,55.0,1.977546034244437,45.01674082530158,0.5426514268693428
2025_04_CHI_LV,2025,4,-1.0,49.0,0.9843838513222907,44.098130510961916,0.5036769725638189
2025_04_CLE_DET,2025,4,24.0,44.0,15.051779009908396,50.13810918746153,0.9028031918891466
2025_04_GB_DAL,2025,4,0.0,80.0,-4.81709710106742,46.73978465337377,0.28938284005701836
2025_04_IND_LA,2025,4,7.0,47.0,2.422230571129517,47.60808475692263,0.5599625215450499
2025_04_JAX_SF,2025,4,-5.0,47.0,2.9004863457072547,43.21717778051709,0.5784179618042702
2025_04_LAC_NYG,2025,4,3.0,39.0,-6.331330924294086,44.55129107220905,0.24292535652556638
2025_04_MIN_PIT,2025,4,3.0,45.0,-3.1939519115858226,42.67592987988872,0.34458733149976295
2025_04_NO_BUF,2025,4,12.0,50.0,15.985623607113011,49.13130689859241,0.914958857173537
2025_04_PHI_TB,2025,4,-6.0,56.0,-2.4752805773586757,48.65593595197401,0.3705620731898126
2025_04_TEN_HOU,2025,4,26.0,26.0,7.98286147340025,38.76163541271128,0.7532820945703529
2025_04_WAS_ATL,2025,4,7.0,61.0,-2.481988704417104,46.903949835119974,0.37031584873555484
2025_04_CIN_DEN,2025,4,25.0,31.0,2.8523638292335916,46.226322552203555,0.5765699550387132
2025_04_NYJ_MIA,2025,4,6.0,48.0,5.137472111423607,46.28386076058621,0.6611358670262051
2025_05_SF_LA,2025,5,-3.0,49.0,5.542234085188996,47.227691667584644,0.6752583382648182
2025_05_DAL_NYJ,2025,5,-15.0,59.0,0.18006266798909332,49.61792650227318,0.47205827804703115
2025_05_DEN_PHI,2025,5,-4.0,38.0,6.9295048647200375,48.210517469334846,0.7211970306355511
2025_05_DET_CIN,2025,5,-13.0,61.0,-7.957879769425748,49.907949899404386,0.19897561025105712
2025_05_HOU_BAL,2025,5,-34.0,54.0,6.399312170940778,46.08023024035477,0.7041128160949504
2025_05_LV_IND,2025,5,34.0,46.0,8.625411471530827,46.2677639666959,0.7715924086310054
2025_05_MIA_CAR,2025,5,3.0,51.0,-0.5946214830756142,47.18102264879542,0.441812212422007
2025_05_MIN_CLE,2025,5,-4.0,38.0,-9.80215403291571,38.74242787073122,0.15670149334936515
2025_05_NE_BUF,2025,5,-3.0,43.0,10.60875553129764,51.29682156401748,0.821930513891995
2025_05_NYG_NO,2025,5,12.0,40.0,1.5546894299839216,40.672237031257836,0.5260933220060932
2025_05_TB_SEA,2025,5,-3.0,73.0,3.3372352938222347,47.851898861019,0.5950837693996989
2025_05_TEN_ARI,2025,5,-1.0,43.0,11.81920161402783,41.44186226276121,0.8481279819951122
2025_05_WAS_LAC,2025,5,-17.0,37.0,2.392416266907375,47.10799724305471,0.5588059562948112
2025_05_KC_JAX,2025,5,3.0,59.0,-1.2089904193202683,43.919461242834046,0.41811759498221696
2025_06_PHI_NYG,2025,6,17.0,51.0,-10.429598603753357,43.48747612957076,0.14408946967505346
2025_06_ARI_IND,2025,6,4.0,58.0,5.5624826984692515,46.08187450315257,0.6759567890299861
2025_06_CIN_GB,2025,6,9.0,45.0,8.249665982760922,46.810061556664465,0.7610030144479505
2025_06_CLE_PIT,2025,6,14.0,32.0,10.36336584141989,43.71815883615212,0.8162073611969517
2025_06_DAL_CAR,2025,6,3.0,57.0,-1.335121337494979,49.244886179058035,0.41329577460137273
2025_06_DEN_NYJ,2025,6,-2.0,24.0,-9.22959519916668,45.90555744166736,0.1689813844102814
2025_06_DET_KC,2025,6,13.0,47.0,-3.7699001177994123,50.55122845010875,0.3244127617911196
2025_06_LAC_MIA,2025,6,-2.0,56.0,-0.5249043771898778,46.16541681713139,0.4445199453612165
2025_06_LA_BAL,2025,6,-14.0,20.0,1.7935221225864697,46.51301138940459,0.535454876268323
2025_06_NE_NO,2025,6,-6.0,44.0,-1.8131016717218018,43.10179812765022,0.3951807622240017
2025_06_SEA_JAX,2025,6,-8.0,32.0,-0.5958810918527138,45.18092909749291,0.44176332196143847
2025_06_SF_TB,2025,6,11.0,49.0,4.830982626179363,49.02988245728665,0.6502462809812153
2025_06_TEN_LV,2025,6,10.0,30.0,3.7634777828172745,41.19934063755671,0.6111403166881393
2025_06_BUF_ATL,2025,6,10.0,38.0,-5.154812603280135,49.4333765344757,0.27857599544617245
2025_06_CHI_WAS,2025,6,-1.0,49.0,7.409703576098282,47.332602565960606,0.7361368070867593
2025_07_PIT_CIN,2025,7,2.0,64.0,-1.992023537521963,43.82156844746065,0.388470313396325
2025_07_ATL_SF,2025,7,10.0,30.0,2.478524771204329,45.134812381290324,0.5621445187361483
2025_07_CAR_NYJ,2025,7,-7.0,19.0,-0.6956010043563392,45.54548495713301,0.43789645127540167
2025_07_GB_ARI,2025,7,-4.0,50.0,-1.84910640670028,46.020790085066686,0.3938271403156253
2025_07_IND_LAC,2025,7,-14.0,62.0,-0.5816420666091933,47.3276838889737,0.44231606107839233
2025_07_LA_JAX,2025,7,-28.0,42.0,-4.412167529486256,43.04883672320421,0.3026623916911844
2025_07_LV_KC,2025,7,31.0,31.0,11.459077468762572,44.623871449006074,0.8406823201368011
2025_07_MIA_CLE,2025,7,25.0,37.0,-3.390422724303351,43.721754521882225,0.3376375515930447
2025_07_NE_TEN,2025,7,-18.0,44.0,-4.9137162999956825,41.86251633653926,0.2862657437141919
2025_07_NO_CHI,2025,7,12.0,40.0,4.493290713094169,43.22144764973085,0.6380643758004049
2025_07_NYG_DEN,2025,7,1.0,65.0,8.679989457072642,42.29810060606609,0.7731027555484403
2025_07_PHI_MIN,2025,7,-6.0,50.0,1.0993926015106155,44.65676434058373,0.5082015920158582
2025_07_WAS_DAL,2025,7,22.0,66.0,-1.2270127967563758,52.583571132671466,0.4174276411759063
2025_07_HOU_SEA,2025,7,8.0,46.0,2.7164144504945384,43.344646742907216,0.5713377851008818
2025_07_TB_DET,2025,7,15.0,33.0,5.273333604981877,55.77664064416125,0.6659098163051662
2025_08_MIN_LAC,2025,8,27.0,47.0,-0.30908586283094497,44.44545850271231,0.452922303936129
2025_08_BUF_CAR,2025,8,-31.0,49.0,-6.630962936483506,47.96840561835368,0.2343576967020263
2025_08_CHI_BAL,2025,8,14.0,46.0,5.908599488379888,44.07094259604371,0.6877727916664695
2025_08_CLE_NE,2025,8,19.0,45.0,8.597811029042441,43.702600618145816,0.7708259266671051
2025_08_DAL_DEN,2025,8,20.0,68.0,4.786852660086959,48.83451070274507,0.6486650295810819
2025_08_GB_PIT,2025,8,-10.0,60.0,-0.6393673739543648,47.4184554281369,0.44007614377516857
2025_08_MIA_ATL,2025,8,-24.0,44.0,3.428753172240329,43.20206091703972,0.598549723093946
2025_08_NYG_PHI,2025,8,18.0,58.0,11.006994704237544,46.510876005919066,0.8309198711885595
2025_08_NYJ_CIN,2025,8,-1.0,77.0,5.406041999834865,44.3070431206741,0.6705403903470564
2025_08_SF_HOU,2025,8,11.0,41.0,4.4619748996257735,42.91023915639313,0.6369253601408777
2025_08_TB_NO,2025,8,-20.0,26.0,-5.650500568704498,45.57267923689504,0.2631709352631267
2025_08_TEN_IND,2025,8,24.0,52.0,14.718984274096584,44.28851737935055,0.8981090480075846
2025_08_WAS_KC,2025,8,21.0,35.0,5.9821327367374355,48.52455538113268,0.6902526524389158
2025_09_BAL_MIA,2025,9,-22.0,34.0,-0.11947286259189482,46.75234538995665,0.4603267837622378
2025_09_ATL_NE,2025,9,1.0,47.0,7.837536218193563,46.667772791585506,0.7490066718126633
2025_09_CAR_GB,2025,9,-3.0,29.0,10.729927301549898,47.13566403293722,0.8247046652868659
2025_09_CHI_CIN,2025,9,-5.0,89.0,2.096120834893818,46.08094115529141,0.5472792627568276
2025_09_DEN_HOU,2025,9,-3.0,33.0,-0.0011557778961259757,44.022041343933445,0.46495622308009327
2025_09_IND_PIT,2025,9,7.0,47.0,-3.6540396407141915,50.04659095567474,0.32842208259254557
2025_09_JAX_LV,2025,9,-1.0,59.0,-1.3079932842584148,41.969572193489846,0.41433147554005295
2025_09_KC_BUF,2025,9,7.0,49.0,2.250840187349251,49.52570440080916,0.5533053897687367
2025_09_LAC_TEN,2025,9,-7.0,47.0,-8.210889605032637,42.9977452850817,0.19270475581945684
2025_09_MIN_DET,2025,9,-3.0,51.0,8.738353105692678,48.774550314458075,0.7747100413470386
2025_09_NO_LA,2025,9,24.0,44.0,13.813971153558416,41.85049590089795,0.8843156698078319
2025_09_SEA_WAS,2025,9,-24.0,52.0,-2.793176312620887,46.12713141472089,0.35896948335442525
2025_09_SF_NYG,2025,9,-10.0,58.0,-0.7808356233167362,46.151521473886184,0.4345972332605695
2025_09_ARI_DAL,2025,9,-10.0,44.0,2.3182586243066603,50.337546598819436,0.5559264684522058
2025_10_LV_DEN,2025,10,3.0,17.0,12.663749980589403,42.71927997443326,0.8644691474896935
2025_10_ARI_SEA,2025,10,22.0,66.0,7.895865993534104,45.631512832997,0.7507286152185385
2025_10_ATL_IND,2025,10,6.0,56.0,7.382921156932294,46.481886248360766,0.7353172212896122
2025_10_BAL_MIN,2025,10,-8.0,46.0,-0.19433657063532817,45.105763930718346,0.4574010428240371
2025_10_BUF_MIA,2025,10,17.0,43.0,-7.163534556539844,48.05747012045805,0.21965334655103488
2025_10_CLE_NYJ,2025,10,7.0,47.0,3.5480748167368303,41.49515726400787,0.6030538525966375
2025_10_DET_WAS,2025,10,-22.0,66.0,-6.250705047476513,49.81395390246067,0.24526675124601172
2025_10_JAX_HOU,2025,10,7.0,65.0,6.861549982137866,41.0989888602404,0.719041412041112
2025_10_LA_SF,2025,10,-16.0,68.0,-3.4490905072810416,45.299479723472764,0.3355756504124739
2025_10_NE_TB,2025,10,-5.0,51.0,5.403522807392598,47.415532673385165,0.6704527925380892
2025_10_NO_CAR,2025,10,-10.0,24.0,6.268834715960715,41.24831369663656,0.6998165795053363
2025_10_NYG_CHI,2025,10,4.0,44.0,5.812629951441631,47.70579168566532,0.6845200484480904
2025_10_PIT_LAC,2025,10,15.0,35.0,3.3711664550447478,46.24412540957071,0.59636993213947
2025_10_PHI_GB,2025,10,-3.0,17.0,-0.49258117139942303,48.733935224157655,0.4457764706159658
2025_11_NYJ_NE,2025,11,13.0,41.0,7.843045869761408,46.06607832672415,0.7491696590578825
2025_11_BAL_CLE,2025,11,-7.0,39.0,-6.617283039651188,42.80576151116984,0.2347442520406145
2025_11_CAR_ATL,2025,11,-3.0,57.0,2.494711414233988,41.06925164253001,0.5627714818465457
2025_11_CHI_MIN,2025,11,-2.0,36.0,3.068161853785637,44.3325082052808,0.5848396014282708
2025_11_CIN_PIT,2025,11,22.0,46.0,2.4717194884981035,47.288000104622355,0.5618808678567571
2025_11_DET_PHI,2025,11,7.0,25.0,0.1918129122433858,50.87931368146775,0.47251919876576726
2025_11_GB_NYG,2025,11,-7.0,47.0,-5.129240585691736,47.3195131763225,0.27938557831423255
2025_11_HOU_TEN,2025,11,-3.0,29.0,-6.431466268990286,40.44519246398467,0.24003860506557367
2025_11_KC_DEN,2025,11,3.0,41.0,0.25187649896022,44.99291597097339,0.4748759969605659
2025_11_LAC_JAX,2025,11,29.0,41.0,-2.794527069990026,44.4790381309234,0.3589205645344274
2025_11_SEA_LA,2025,11,2.0,40.0,2.886456024797586,48.256858789790996,0.5778793920950941
2025_11_SF_ARI,2025,11,-19.0,63.0,1.5292504453039433,47.21839674183229,0.5250949886073121
2025_11_TB_BUF,2025,11,12.0,76.0,3.4897964757815307,48.988651651009434,0.6008561043326167
2025_11_WAS_MIA,2025,11,3.0,29.0,-0.3582084337054021,45.098270023313376,0.45100730289801905
2025_11_DAL_LV,2025,11,-17.0,49.0,-4.7142454982027235,45.65768244632239,0.29272301066056444
2025_12_BUF_HOU,2025,12,4.0,42.0,-1.4821370290953375,44.471376240376074,0.4076965288274754
2025_12_ATL_NO,2025,12,-14.0,34.0,0.1553939908491584,41.39878053460327,0.47109076858636184
2025_12_CLE_LV,2025,12,-14.0,34.0,2.3062578107206253,37.391247713756364,0.5554601269210144
2025_12_IND_KC,2025,12,3.0,43.0,0.5459326817243964,49.12955529393658,0.4864284841874133
2025_12_JAX_ARI,2025,12,-3.0,51.0,0.4017820504739791,45.76022081460388,0.48076270603201976
2025_12_MIN_GB,2025,12,17.0,29.0,5.820994873239194,42.05638253196406,0.6848042913870058
2025_12_NE_CIN,2025,12,-6.0,46.0,-4.166835803134843,49.529149229143705,0.31087343198213896
2025_12_NYG_DET,2025,12,7.0,61.0,12.504399284410688,49.018238402538415,0.8615037550013388
2025_12_NYJ_BAL,2025,12,13.0,33.0,8.842662124436902,44.30277734564386,0.7775624670517823
2025_12_PHI_DAL,2025,12,3.0,45.0,-3.7640709875118614,50.06616664722106,0.3246138693900279
2025_12_PIT_CHI,2025,12,3.0,59.0,1.1308500945360418,45.76760892449534,0.5094389750056824
2025_12_SEA_TEN,2025,12,-6.0,54.0,-12.165334743198027,42.11180998859688,0.11355640179256281
2025_12_TB_LA,2025,12,27.0,41.0,6.2327209771331695,46.72828796712862,0.6986211852819287
2025_12_CAR_SF,2025,12,11.0,29.0,6.402441072154852,45.904372960874746,0.7042154030194363
2025_13_CIN_BAL,2025,13,-18.0,46.0,9.351663950442672,47.166193567155915,0.7911099880967899
2025_13_GB_DET,2025,13,-7.0,55.0,3.9364433206649716,49.042804721347665,0.6175898769932916
2025_13_KC_DAL,2025,13,3.0,59.0,-2.013026072744901,51.46422638483895,0.38768532716359067
2025_13_CHI_PHI,2025,13,-9.0,39.0,7.570130516474235,47.3624753950781,0.7410119281627937
2025_13_ARI_TB,2025,13,3.0,37.0,5.148722459153364,46.26977302964305,0.6615324496426789
2025_13_ATL_NYJ,2025,13,3.0,51.0,-0.20723735573974622,44.02088899833924,0.45689715954234167
2025_13_BUF_PIT,2025,13,-19.0,33.0,-3.3912494188323143,48.03565132186239,0.33760845395426237
2025_13_DEN_WAS,2025,13,-1.0,53.0,-5.1114336862502014,45.71866656067486,0.2799501758478971
2025_13_HOU_IND,2025,13,-4.0,36.0,4.7726148669653945,45.5240154020323,0.6481541665436308
2025_13_JAX_TEN,2025,13,-22.0,28.0,-6.173574555419986,41.899204509789634,0.24752085236595178
2025_13_LA_CAR,2025,13,3.0,59.0,-9.269949616667644,43.941224228975095,0.1680913587102149
2025_13_LV_LAC,2025,13,17.0,45.0,12.207268543256726,40.22068745954086,0.8558290597736568
2025_13_MIN_SEA,2025,13,26.0,26.0,9.819580577504377,42.24224853891107,0.803019500090802
2025_13_NO_MIA,2025,13,4.0,38.0,9.268768715647965,41.17630627999014,0.7889457454175594
2025_13_SF_CLE,2025,13,-18.0,34.0,-2.9796778170420066,42.92160546559082,0.352243298633536
2025_13_NYG_NE,2025,13,18.0,48.0,10.84216731512191,48.96755201087248,0.8272438640338742
2025_14_DAL_DET,2025,14,14.0,74.0,5.488597922042905,53.239736426290605,0.6734044587346742
2025_14_CHI_GB,2025,14,7.0,49.0,5.344322618389194,47.43307847326278,0.6683908740547199
2025_14_CIN_BUF,2025,14,5.0,73.0,8.64778568962133,49.19524204653638,0.7722124292775504
2025_14_DEN_LV,2025,14,-7.0,41.0,-8.616359569726574,41.44330189038678,0.18297100812547315
2025_14_HOU_KC,2025,14,-10.0,30.0,4.562584169916885,44.90245442814643,0.6405791890034669
2025_14_IND_JAX,2025,14,17.0,55.0,-0.24122635969401918,46.83119517765249,0.45557003029026805
2025_14_LA_ARI,2025,14,-28.0,62.0,-6.64142154487903,47.56783100054248,0.23406246397384284
2025_14_MIA_NYJ,2025,14,-24.0,44.0,-0.9220999034634594,44.169665497822834,0.42914212045988986
2025_14_NO_TB,2025,14,-4.0,44.0,10.167204587136137,41.9544969146296,0.8115306230211975
2025_14_PIT_BAL,2025,14,-5.0,49.0,5.648215661981794,44.0407239667761,0.678905339936262
2025_14_SEA_ATL,2025,14,-28.0,46.0,-5.889285682052117,44.980747826320126,0.2559484226830046
2025_14_TEN_CLE,2025,14,-2.0,60.0,5.954321778250239,35.75442279331633,0.6893160222026762
2025_14_WAS_MIN,2025,14,31.0,31.0,2.2879189332992316,41.1603990673845,0.5547473050813484
2025_14_PHI_LAC,2025,14,3.0,41.0,0.02823452930971415,44.18312424806302,0.4661071574353682
2025_15_ATL_TB,2025,15,-1.0,57.0,5.410470876985691,43.16460536978236,0.6706943633320258
2025_15_ARI_HOU,2025,15,20.0,60.0,10.548051279541895,44.44387632189828,0.8205278498052455
2025_15_BAL_CIN,2025,15,-24.0,24.0,-2.001470729458736,49.411354901209606,0.3881171453195672
2025_15_BUF_NE,2025,15,-4.0,66.0,1.6922385697951599,51.47846261920447,0.5314875177363511
2025_15_CAR_NO,2025,15,3.0,37.0,-2.6560791914923088,39.665172477811836,0.3639496824138209
2025_15_CLE_CHI,2025,15,28.0,34.0,8.825937433874108,42.83439887845123,0.7771068562247319
2025_15_DET_LA,2025,15,7.0,75.0,3.2466306408547236,50.81915154678703,0.5916430353685619
2025_15_GB_DEN,2025,15,8.0,60.0,2.199433618506202,45.19292413666797,0.5513048157663634
2025_15_IND_SEA,2025,15,2.0,34.0,6.613057868622448,47.651276456821556,0.7110731260508801
2025_15_LAC_KC,2025,15,-3.0,29.0,3.097703138997888,44.0201519141515,0.5859680595144113
2025_15_LV_PHI,2025,15,31.0,31.0,12.789189689970742,37.96019228478077,0.8667656676734544
2025_15_MIN_DAL,2025,15,-8.0,60.0,4.286041631968455,46.04932892662589,0.6304980430020689
2025_15_NYJ_JAX,2025,15,28.0,68.0,10.580545172074801,41.490471839940795,0.8212797414711982
2025_15_TEN_SF,2025,15,13.0,61.0,14.211992731038155,42.874077308827886,0.8905716213874831
2025_15_WAS_NYG,2025,15,-8.0,50.0,1.9922563002965499,47.35932969768421,0.5432259680234266
2025_15_MIA_PIT,2025,15,13.0,43.0,1.9435176671171996,43.268081007124394,0.5413219432813209
2025_16_LA_SEA,2025,16,1.0,75.0,1.9170512191802107,48.42063068283785,0.5402874949531152
2025_16_GB_CHI,2025,16,6.0,38.0,0.6843405000264655,47.657260012733616,0.49187184597280875
2025_16_PHI_WAS,2025,16,-11.0,47.0,-6.340362360420325,45.441493759873204,0.24266402907273177
2025_16_ATL_ARI,2025,16,-7.0,45.0,0.18110229795855703,45.90160122791194,0.4720990571616541
2025_16_BUF_CLE,2025,16,-3.0,43.0,-10.107424375670755,44.40056417829172,0.1504565658519303
2025_16_CIN_MIA,2025,16,-24.0,66.0,4.924893851207103,45.264910828243835,0.6536002717756427
2025_16_JAX_DEN,2025,16,-14.0,54.0,2.5381992277572323,44.11103171973057,0.5644549127872235
2025_16_KC_TEN,2025,16,17.0,35.0,-8.479610800751699,43.92531767912548,0.1862104874298232
2025_16_LAC_DAL,2025,16,-17.0,51.0,-0.13949843541914486,49.388790782150814,0.4595438900397455
2025_16_LV_HOU,2025,16,2.0,44.0,15.905736584976534,39.06872640859015,0.91397541600942
2025_16_MIN_NYG,2025,16,-3.0,29.0,-2.6413138916158494,42.83356918997299,0.36448781295537
2025_16_NE_BAL,2025,16,-4.0,52.0,0.5038398320037007,46.80185451394732,0.48477361741429226
2025_16_NYJ_NO,2025,16,23.0,35.0,3.6002443075406,39.97059744999424,0.605017709916766
2025_16_PIT_DET,2025,16,-5.0,53.0,5.7714838958679975,48.93138323468917,0.683119883153052
2025_16_TB_CAR,2025,16,3.0,43.0,-0.47704043116487327,43.876064465613545,0.44638084577258
2025_16_SF_IND,2025,16,-21.0,75.0,1.455708174158135,47.84437519899639,0.522207778458166
2025_17_DAL_WAS,2025,17,-7.0,53.0,-1.9333304169965753,51.30220788858076,0.3906670732209713
2025_17_DEN_KC,2025,17,-7.0,33.0,0.7734774066572121,43.88321809151581,0.4953785620065575
2025_17_DET_MIN,2025,17,13.0,33.0,-2.3136455337142148,43.32217466761631,0.3765150438819858
2025_17_BAL_GB,2025,17,-17.0,65.0,3.930180795702606,46.005104910174666,0.617357065327847
2025_17_HOU_LAC,2025,17,-4.0,36.0,1.351491446409688,42.87126418831804,0.518113817034263
2025_17_ARI_CIN,2025,17,23.0,51.0,4.611377222727759,50.56849510537457,0.6423453842711343
2025_17_CHI_SF,2025,17,4.0,80.0,3.5695489305109342,49.91487634343016,0.6038626257000128
2025_17_JAX_IND,2025,17,-6.0,40.0,-1.5705987653435582,46.68280023205364,0.4043387863089696
2025_17_NE_NYJ,2025,17,-32.0,52.0,-9.325359837485156,45.41919426618832,0.1668753734937911
2025_17_NO_TEN,2025,17,-8.0,60.0,-0.4851311082845382,39.79059489930786,0.44606618164694356
2025_17_NYG_LV,2025,17,-24.0,44.0,-0.521651924835306,41.39186305080484,0.4446463486590463
2025_17_PHI_BUF,2025,17,-1.0,25.0,3.1848075587978775,47.33887383391473,0.5892901010723605
2025_17_PIT_CLE,2025,17,7.0,19.0,-5.412881769947823,40.95185013900372,0.2704869325990946
2025_17_SEA_CAR,2025,17,-17.0,37.0,-8.22745678231312,45.83860251496078,0.19229943336220243
2025_17_TB_MIA,2025,17,3.0,37.0,1.2399029002279969,43.07901065778313,0.5137275840136133
2025_17_LA_ATL,2025,17,3.0,51.0,-7.713044968080368,48.15467274328528,0.20518869039223378
2025_18_CAR_TB,2025,18,2.0,30.0,4.643675311110695,42.33374303235187,0.6435123808991577
2025_18_SEA_SF,2025,18,-10.0,16.0,-1.1968828040358876,50.501491726992576,0.4185812931031528
2025_18_ARI_LA,2025,18,17.0,57.0,15.14560938665984,49.90190681245123,0.9040913831391685
2025_18_BAL_PIT,2025,18,2.0,50.0,0.5239728395927838,44.10688834638354,0.4855651006723235
2025_18_CLE_CIN,2025,18,-2.0,38.0,7.227520861081761,45.258440661447615,0.7305296782096493
2025_18_DAL_NYG,2025,18,17.0,51.0,-3.275038364828253,50.71885287983486,0.34171078466861676
2025_18_DET_CHI,2025,18,-3.0,35.0,0.3141903173736944,49.95300935948675,0.4773222727146484
2025_18_GB_MIN,2025,18,13.0,19.0,2.060962673792223,40.944952173417995,0.5459078964531122
2025_18_IND_HOU,2025,18,8.0,68.0,6.045350815863594,45.63868928214751,0.6923759334628199
2025_18_KC_LV,2025,18,2.0,26.0,-8.326003103715353,38.985532678836314,0.18990188250766313
2025_18_LAC_DEN,2025,18,16.0,22.0,4.1028967032672305,43.748942161236386,0.623757772219259
2025_18_MIA_NE,2025,18,28.0,48.0,9.783709256022021,48.73829997211494,0.8021249295762604
2025_18_NO_ATL,2025,18,2.0,36.0,3.3863644214447,42.243146390386464,0.5969455838999357
2025_18_NYJ_BUF,2025,18,27.0,43.0,16.038062710964684,43.734181542959675,0.9155988484296375
2025_18_TEN_JAX,2025,18,34.0,48.0,15.06732039571508,43.41753257440546,0.9030176203063297
2025_18_WAS_PHI,2025,18,-7.0,41.0,10.336909882552995,42.698758287982926,0.8155819018242028
2025_19_GB_CHI,2025,19,4.0,58.0,3.38331320845285,44.039001092340115,0.5968300347969203
2025_19_LA_CAR,2025,19,-3.0,65.0,-7.684805304144621,47.91134275430736,0.20591449733975192
2025_19_BUF_JAX,2025,19,-3.0,51.0,2.2823258772213397,48.76312604942951,0.5545298611712377
2025_19_LAC_NE,2025,19,13.0,19.0,8.170642908684975,46.082662066038864,0.758733595809273
2025_19_SF_PHI,2025,19,-4.0,42.0,2.2092947317317617,44.15200158185507,0.5516887084961312
2025_19_HOU_PIT,2025,19,-24.0,36.0,-0.9941014879116854,43.623372257140346,0.42636820400622366
2025_20_BUF_DEN,2025,20,3.0,63.0,1.9860253317771592,46.20783013062524,0.5429826180651308
2025_20_SF_SEA,2025,20,35.0,47.0,8.274849148815413,47.19227994390569,0.7617231511246026
2025_20_HOU_NE,2025,20,12.0,44.0,3.978836070096892,47.49879556339855,0.6191644192960667
2025_20_LA_CHI,2025,20,-3.0,37.0,-1.620569704416639,52.39598331436159,0.402445968607786
2025_21_LA_SEA,2025,21,4.0,58.0,4.392754789696081,48.810286802393584,0.634402250111239
2025_21_NE_DEN,2025,21,-3.0,17.0,-0.910440404884231,45.9274514456474,0.4295917354524769
2025_22_SEA_NE,2025,22,-16.0,42.0,-2.203199146023621,45.30141602826414,0.3806044243734393
