game_id,season,week,margin,total,pred_margin,pred_total,pred_probability
2020_01_HOU_KC,2020,1,14.0,54.0,9.678579661742644,49.99808382310186,0.729606729531636
2020_01_ARI_SF,2020,1,-4.0,44.0,10.286635293268075,47.10024786470001,0.7446376086056221
2020_01_CHI_DET,2020,1,-4.0,50.0,-0.04189738057921799,40.479011192036566,0.4383968630371899
2020_01_CLE_BAL,2020,1,32.0,44.0,12.176502354198714,47.9867634510679,0.7877397167618789
2020_01_DAL_LA,2020,1,3.0,37.0,1.9050238293060067,48.60402523051743,0.5001873792223909
2020_01_GB_MIN,2020,1,-9.0,77.0,2.928240575506445,46.44791879497008,0.5327800181624848
2020_01_IND_JAX,2020,1,7.0,47.0,0.38333416554276667,44.008691845253374,0.45179697534684055
2020_01_LAC_CIN,2020,1,-3.0,29.0,-0.8187361768577603,45.08859639726645,0.41416037733215744
2020_01_LV_CAR,2020,1,-4.0,64.0,1.854775601768389,48.0767567456044,0.4985845082433332
2020_01_MIA_NE,2020,1,10.0,32.0,12.724957818397392,45.7865892067526,0.7992053959281428
2020_01_NYJ_BUF,2020,1,10.0,44.0,6.028682971056895,39.90876911137584,0.6287630834263903
2020_01_PHI_WAS,2020,1,10.0,44.0,-3.887145477722925,44.116986309523384,0.3233735607855742
2020_01_SEA_ATL,2020,1,-13.0,63.0,1.7863148685141836,48.27611048790129,0.4964007287674838
2020_01_TB_NO,2020,1,11.0,57.0,7.715136100649399,51.376471560046525,0.6774548180834039
2020_01_PIT_NYG,2020,1,-10.0,42.0,-0.5065399109089288,41.2091555247824,0.423857520234563
2020_01_TEN_DEN,2020,1,-2.0,30.0,-1.0246772239340993,43.1470600901421,0.4077993743148234
2020_02_CIN_CLE,2020,2,5.0,65.0,4.8157124292614,44.32820586703195,0.591976763745844
2020_02_ATL_DAL,2020,2,1.0,79.0,5.515937846041591,49.64655681187837,0.6133674880820665
2020_02_BAL_HOU,2020,2,-17.0,49.0,-5.514153710909829,50.83139276024319,0.2797077479924655
2020_02_BUF_MIA,2020,2,-3.0,59.0,-2.6066678522925764,45.41122945129943,0.3601008048612477
2020_02_CAR_TB,2020,2,14.0,48.0,7.8306129456682605,48.67857905998557,0.6806659839449182
2020_02_DEN_PIT,2020,2,5.0,47.0,5.036045816844361,38.81997673187941,0.5987494135494819
2020_02_DET_GB,2020,2,21.0,63.0,9.649509028859027,49.90339511390417,0.7288743308160948
2020_02_JAX_TEN,2020,2,3.0,63.0,7.752611124622085,45.2026879204755,0.6784987747394879
2020_02_KC_LAC,2020,2,-3.0,43.0,-4.733139034681315,45.284779209849404,0.3002186308185728
2020_02_LA_PHI,2020,2,-18.0,56.0,1.7921524922334195,45.08685166402982,0.4965869347296281
2020_02_MIN_IND,2020,2,17.0,39.0,0.688681524843489,46.96159188476264,0.46146369469409737
2020_02_NE_SEA,2020,2,5.0,65.0,0.484135041519248,46.73527809220239,0.45498448300161476
2020_02_NYG_CHI,2020,2,4.0,30.0,7.03060142948422,42.88515864006327,0.6580812779994064
2020_02_SF_NYJ,2020,2,-18.0,44.0,-4.417923309734324,43.14527150480133,0.30873572583201725
2020_02_WAS_ARI,2020,2,15.0,45.0,6.503719430531408,43.81104900670507,0.642797542532269
2020_02_NO_LV,2020,2,10.0,58.0,-6.136510910495465,49.26842103772816,0.2639919689259355
2020_03_MIA_JAX,2020,3,-18.0,44.0,4.917281824468542,47.733176080671555,0.5951033312771717
2020_03_CAR_LAC,2020,3,-5.0,37.0,6.613872124841528,46.26925640572871,0.6460182012168668
2020_03_CHI_ATL,2020,3,-4.0,56.0,2.513644748267714,46.7214427173464,0.5195918213049158
2020_03_CIN_PHI,2020,3,0.0,46.0,6.868326760394201,46.21180758316992,0.653407153503497
2020_03_DAL_SEA,2020,3,7.0,69.0,2.952331347593038,52.719948040414074,0.5335451121556004
2020_03_DET_ARI,2020,3,-3.0,49.0,7.308974780861895,48.454755597840524,0.6660280688575186
2020_03_GB_NO,2020,3,-7.0,67.0,3.9829574465865756,50.92127438368043,0.5660827987596685
2020_03_HOU_PIT,2020,3,7.0,49.0,5.886268949562222,44.48943495939019,0.6245116521447586
2020_03_LA_BUF,2020,3,3.0,67.0,1.9264003898331676,47.35499787518425,0.500869272049981
2020_03_LV_NE,2020,3,16.0,56.0,7.4187345737526265,47.30550228052727,0.6691359820296785
2020_03_NYJ_IND,2020,3,29.0,43.0,6.876575985442885,43.90256919620847,0.6536454871225461
2020_03_SF_NYG,2020,3,-27.0,45.0,-5.447924548299898,46.48629572719696,0.28141346896535935
2020_03_TB_DEN,2020,3,-18.0,38.0,-0.6180017579370318,43.2877343212387,0.42038825500381755
2020_03_TEN_MIN,2020,3,-1.0,61.0,0.05750381572442764,47.42056772326945,0.44152194234843656
2020_03_WAS_CLE,2020,3,14.0,54.0,5.959744361821812,43.86198796818043,0.6267075292751729
2020_03_KC_BAL,2020,3,-14.0,54.0,4.578060545151411,51.42042868442138,0.5846324833037833
2020_04_DEN_NYJ,2020,4,-9.0,65.0,0.07884658320807603,38.80472552030655,0.4421935519173942
2020_04_ARI_CAR,2020,4,10.0,52.0,-1.495722249427701,48.19534434162295,0.3933686994293216
2020_04_BAL_WAS,2020,4,-14.0,48.0,-9.936634898263476,44.872468299871294,0.18090842111041414
2020_04_BUF_LV,2020,4,-7.0,53.0,-0.6157342642245798,49.804142993478344,0.4204587539589395
2020_04_CLE_DAL,2020,4,-11.0,87.0,7.161012589149339,51.09992402101918,0.661815542843431
2020_04_IND_CHI,2020,4,-8.0,30.0,1.1116361042757232,43.79214137994716,0.47490011660403375
2020_04_JAX_CIN,2020,4,8.0,58.0,1.4772704525342486,47.404050943548434,0.48654566716185255
2020_04_LAC_TB,2020,4,7.0,69.0,5.486093290271992,44.9238776573467,0.6124640256796648
2020_04_MIN_HOU,2020,4,-8.0,54.0,0.45281611378296516,47.92201719073347,0.45399371384485576
2020_04_NO_DET,2020,4,-6.0,64.0,-5.410170290122345,49.77860862708557,0.2823886504410169
2020_04_NYG_LA,2020,4,8.0,26.0,11.425580527828583,47.94888546282877,0.7712776213362577
2020_04_PHI_SF,2020,4,-5.0,45.0,9.2119598011742,46.73688467734022,0.7177015834144579
2020_04_SEA_MIA,2020,4,-8.0,54.0,-1.622814363061479,51.847879858847094,0.3895057215127986
2020_04_ATL_GB,2020,4,14.0,46.0,8.623883067762218,53.18230081691929,0.7022536237533348
2020_04_NE_KC,2020,4,16.0,36.0,6.289899688005832,48.7661831969449,0.6365090939686736
2020_05_TB_CHI,2020,5,1.0,39.0,0.6195420679385635,45.92324706442158,0.4592720664403891
2020_05_ARI_NYJ,2020,5,-20.0,40.0,-0.7549510726563726,45.16426130725741,0.4161364663874939
2020_05_CAR_ATL,2020,5,-7.0,39.0,4.870076925793218,52.14030328406548,0.5936511861429267
2020_05_CIN_BAL,2020,5,24.0,30.0,14.031585648149703,49.04078450773432,0.8246328716471231
2020_05_IND_CLE,2020,5,9.0,55.0,-0.41063885057257776,48.14640886394763,0.4268484860235699
2020_05_JAX_HOU,2020,5,16.0,44.0,3.669579625560831,49.23784000263718,0.556236228226999
2020_05_LA_WAS,2020,5,-20.0,40.0,-5.907379316246894,45.099323757325685,0.2697116651320293
2020_05_LV_KC,2020,5,-8.0,72.0,12.821752634126407,50.81820040649182,0.8011800632983892
2020_05_MIA_SF,2020,5,-26.0,60.0,8.281147877260706,48.58823481116858,0.693029469171267
2020_05_MIN_SEA,2020,5,1.0,53.0,6.903870893400981,50.90745830404828,0.6544335317610253
2020_05_NYG_DAL,2020,5,3.0,71.0,10.980522730297396,49.75330246628084,0.7611058024799253
2020_05_PHI_PIT,2020,5,9.0,67.0,7.1134535342986105,42.17967632342981,0.6604560153576096
2020_05_LAC_NO,2020,5,3.0,57.0,9.207063956473633,50.29906136305431,0.7175749996900971
2020_05_BUF_TEN,2020,5,26.0,58.0,5.049619067364855,51.4182178527211,0.5991654286608099
2020_06_ATL_MIN,2020,6,-17.0,63.0,5.167299557657335,48.26453634906273,0.6027662442519577
2020_06_BAL_PHI,2020,6,-2.0,58.0,-7.435842937998748,46.86212205977614,0.23306000786279193
2020_06_CHI_CAR,2020,6,-7.0,39.0,-0.627889696233062,46.223522764294266,0.4200808657657115
2020_06_CIN_IND,2020,6,4.0,58.0,9.059040658401415,45.32224603707852,0.7137316070677182
2020_06_CLE_PIT,2020,6,31.0,45.0,5.519212265242372,48.591805801442135,0.6134665648115826
2020_06_DEN_NE,2020,6,-6.0,30.0,7.476357601575339,39.90159146246079,0.6707617446744322
2020_06_DET_JAX,2020,6,-18.0,50.0,0.9161322423121165,47.74965928457968,0.4686836439272904
2020_06_GB_TB,2020,6,28.0,48.0,-1.0450735985145347,50.38179512537042,0.4071710226203085
2020_06_HOU_TEN,2020,6,6.0,78.0,9.506172515308199,45.10389741583286,0.7252449832957867
2020_06_LA_SF,2020,6,8.0,40.0,0.9562586977391552,45.76071904819348,0.46995882339022765
2020_06_NYJ_MIA,2020,6,24.0,24.0,9.243629001688141,46.89755116955352,0.7185195692992712
2020_06_WAS_NYG,2020,6,1.0,39.0,2.528364817341441,42.37268528076253,0.5200606403817211
2020_06_ARI_DAL,2020,6,-28.0,48.0,4.439647612812009,52.96105033947674,0.5803374226932472
2020_06_KC_BUF,2020,6,-9.0,43.0,-3.333945385369025,51.464111412815626,0.33900649787947895
2020_07_NYG_PHI,2020,7,1.0,43.0,7.354943896516575,44.85569979931923,0.6673314862619996
2020_07_BUF_NYJ,2020,7,-8.0,28.0,-4.471849934204554,44.942926602233776,0.3072691646689187
2020_07_CAR_NO,2020,7,3.0,51.0,11.71012776928153,51.311262408797546,0.777619366418224
2020_07_CLE_CIN,2020,7,-3.0,71.0,-0.2996290817477756,50.157718485046516,0.43031734132614197
2020_07_DAL_WAS,2020,7,22.0,28.0,-2.6775949708880726,49.44084765586997,0.3580180683074631
2020_07_DET_ATL,2020,7,-1.0,45.0,5.407647144858771,51.24859503331343,0.6100856054718096
2020_07_GB_HOU,2020,7,-15.0,55.0,-2.1745834276058384,52.56946787214312,0.37290036237372953
2020_07_JAX_LAC,2020,7,10.0,68.0,7.981679397361994,46.40886814914712,0.684841045859193
2020_07_KC_DEN,2020,7,-27.0,59.0,-6.119844974521433,46.323789969759176,0.2644053586405319
2020_07_PIT_TEN,2020,7,-3.0,51.0,4.424809608466344,50.53306273356782,0.579876252655806
2020_07_SEA_ARI,2020,7,3.0,71.0,-1.5887438353642662,50.31836633258279,0.3905399610018307
2020_07_SF_NE,2020,7,-27.0,39.0,1.4300856581892882,44.82742096641463,0.4850417294609734
2020_07_TB_LV,2020,7,-25.0,65.0,-0.5053727669130361,51.08195494004221,0.4238938881150933
2020_07_CHI_LA,2020,7,14.0,34.0,5.4806781241127975,43.92689637162063,0.6123000131736561
2020_08_ATL_CAR,2020,8,-8.0,42.0,0.11610102238521547,50.272424022365335,0.44336637185106126
2020_08_DAL_PHI,2020,8,14.0,32.0,5.2644734517247915,50.017275543084075,0.6057312458323041
2020_08_IND_DET,2020,8,-20.0,62.0,-3.0011992767089732,47.7546663066949,0.34858439343665293
2020_08_LAC_DEN,2020,8,1.0,61.0,1.0365708484509617,44.95041335398338,0.47251222675481586
2020_08_LA_MIA,2020,8,11.0,45.0,2.0333586910708865,48.66738405157793,0.5042810451204466
2020_08_LV_CLE,2020,8,-10.0,22.0,5.392173859833726,53.00664682812059,0.6096158458647363
2020_08_MIN_GB,2020,8,-6.0,50.0,6.557190481439717,50.14227746477707,0.6443625687108743
2020_08_NE_BUF,2020,8,3.0,45.0,4.312586882149697,45.380000080657815,0.5763838702375081
2020_08_NO_CHI,2020,8,-3.0,49.0,-1.900450915235362,46.24571570272229,0.38111558482987007
2020_08_NYJ_KC,2020,8,26.0,44.0,18.777401978251383,44.50380220575378,0.8960052904075415
2020_08_PIT_BAL,2020,8,-4.0,52.0,8.652051906884914,46.175881267810695,0.703004610369966
2020_08_SF_SEA,2020,8,10.0,64.0,2.722846977736484,52.93997820935966,0.5262510664988118
2020_08_TEN_CIN,2020,8,11.0,51.0,-6.5781966479467116,53.89688996302437,0.2531882404832813
2020_08_TB_NYG,2020,8,-2.0,48.0,-7.089971193887134,45.86431011285149,0.2410410273179898
2020_09_GB_SF,2020,9,-17.0,51.0,1.8018450144620797,50.899271596630705,0.4968961046203066
2020_09_BAL_IND,2020,9,-14.0,34.0,-1.5385351620184902,47.6960024175266,0.39206587995255315
2020_09_CAR_KC,2020,9,2.0,64.0,15.109585063224678,50.02425674745636,0.8436453798456333
2020_09_CHI_TEN,2020,9,7.0,41.0,7.38963479680273,47.30316400738978,0.6683134274072237
2020_09_DEN_ATL,2020,9,7.0,61.0,5.990134000391112,47.163670380319026,0.6276142314230311
2020_09_DET_MIN,2020,9,14.0,54.0,6.071264610275975,47.2396494083789,0.6300304277068878
2020_09_HOU_JAX,2020,9,-2.0,52.0,-0.439770494091261,49.34791230484936,0.42593935089320145
2020_09_LV_LAC,2020,9,-5.0,57.0,3.9570274201394593,51.21552270320693,0.5652699248390959
2020_09_MIA_ARI,2020,9,-3.0,65.0,3.443152662506049,46.62379508374349,0.5490936661108189
2020_09_NO_TB,2020,9,-35.0,41.0,3.087040745735636,51.56651518339433,0.537820312817474
2020_09_NYG_WAS,2020,9,-3.0,43.0,4.547798653673015,42.816789597184666,0.5836945071742978
2020_09_PIT_DAL,2020,9,-5.0,43.0,-4.839142708900946,46.90809731882002,0.2973847524378085
2020_09_SEA_BUF,2020,9,10.0,78.0,-0.12024968005140746,51.92491124939167,0.43593696819315375
2020_09_NE_NYJ,2020,9,-3.0,57.0,-4.383416911135878,40.16942232967323,0.3096761735353
2020_10_IND_TEN,2020,10,-17.0,51.0,5.2343533928113075,50.37506382051094,0.6048130338261373
2020_10_BAL_NE,2020,10,6.0,40.0,-5.993825466194828,43.80050793662348,0.2675445976878303
2020_10_BUF_ARI,2020,10,2.0,62.0,3.093137731000421,50.70837291082533,0.538013682880178
2020_10_CIN_PIT,2020,10,26.0,46.0,9.888601585373946,48.49940128602721,0.7348608292978275
2020_10_DEN_LV,2020,10,25.0,49.0,4.262596478946085,48.442287450750506,0.5748256818624061
2020_10_HOU_CLE,2020,10,3.0,17.0,4.941704274703746,50.64741595899357,0.5958539780371627
2020_10_JAX_GB,2020,10,4.0,44.0,13.934230557650118,51.25446962588726,0.8228292077009816
2020_10_LAC_MIA,2020,10,8.0,50.0,6.9446258528366815,50.341310937719854,0.6556086101183499
2020_10_PHI_NYG,2020,10,10.0,44.0,-2.8859201738101503,43.85872610081288,0.3519318582237618
2020_10_SEA_LA,2020,10,7.0,39.0,3.138082816875058,50.51540402990198,0.5394387903900666
2020_10_SF_NO,2020,10,14.0,40.0,6.910786814814493,51.89096865370524,0.654633070312503
2020_10_TB_CAR,2020,10,-23.0,69.0,-3.91536642015276,48.45086986218829,0.3225861756271158
2020_10_WAS_DET,2020,10,3.0,57.0,3.372893513483766,45.205284727622114,0.5468731048216042
2020_10_MIN_CHI,2020,10,-6.0,32.0,1.064000813358979,43.95593930412317,0.47338465733092233
2020_11_ARI_SEA,2020,11,7.0,49.0,3.3335452840671467,55.37172630391188,0.5456286711830258
2020_11_ATL_NO,2020,11,15.0,33.0,6.705953960734126,52.84250197935116,0.6487003882676726
2020_11_CIN_WAS,2020,11,11.0,29.0,2.4239314810814623,46.969762538025414,0.5167338301812378
2020_11_DAL_MIN,2020,11,-3.0,59.0,5.039620729760419,47.848302586149934,0.5988589971374011
2020_11_DET_CAR,2020,11,20.0,20.0,1.5564498331046646,50.31966222116381,0.48906991336818767
2020_11_GB_IND,2020,11,3.0,65.0,1.4539345833631614,50.72211930054013,0.4858018425711774
2020_11_KC_LV,2020,11,-4.0,66.0,-7.311059238367397,54.22790461864655,0.23591803533219274
2020_11_MIA_DEN,2020,11,7.0,33.0,-4.106075017978258,44.37401595972768,0.31729177618895693
2020_11_NE_HOU,2020,11,7.0,47.0,0.11851173570943008,47.584058207163096,0.44344228624996085
2020_11_NYJ_LAC,2020,11,6.0,62.0,7.52352708110814,44.615314303321156,0.672089539796948
2020_11_PHI_CLE,2020,11,5.0,39.0,1.5786350901153599,45.371765193064554,0.48977728700959466
2020_11_PIT_JAX,2020,11,-24.0,30.0,-9.211042073483434,44.7418277761377,0.19503467603419566
2020_11_TEN_BAL,2020,11,-6.0,54.0,5.757538623707045,48.18144124542424,0.6206521076858325
2020_11_LA_TB,2020,11,-3.0,51.0,3.7693667068840764,46.84329141609182,0.559376791551492
2020_12_HOU_DET,2020,12,-16.0,66.0,-0.05497654817659692,48.433075422888614,0.43798602451540414
2020_12_WAS_DAL,2020,12,-25.0,57.0,1.8932888227947515,45.6833846606526,0.4998130427353574
2020_12_ARI_NE,2020,12,3.0,37.0,0.36687475844925865,48.38783284276638,0.45127686721066357
2020_12_CAR_MIN,2020,12,1.0,55.0,6.548934305236662,46.112498381547645,0.6441211218455054
2020_12_CHI_GB,2020,12,16.0,66.0,6.964965386641282,46.015892182535744,0.6561943451104167
2020_12_CLE_JAX,2020,12,-2.0,52.0,-3.4863074640354,43.58284331377748,0.33466389468008434
2020_12_KC_TB,2020,12,-3.0,51.0,-3.5141204600200084,52.57696113501509,0.3338741597289631
2020_12_LAC_BUF,2020,12,10.0,44.0,7.382577346039399,51.63348887119706,0.668113781426211
2020_12_LV_ATL,2020,12,37.0,49.0,2.352856142984347,52.372236310696465,0.5144687999815878
2020_12_MIA_NYJ,2020,12,-17.0,23.0,-8.167255759775319,42.25606585136842,0.2167956690052134
2020_12_NO_DEN,2020,12,-28.0,34.0,-8.192719692994164,45.186962161268305,0.2162444931471587
2020_12_NYG_CIN,2020,12,-2.0,36.0,-0.024992226350870617,47.12210868794044,0.4389280072841778
2020_12_SF_LA,2020,12,-3.0,43.0,2.71006601534795,46.58417454108389,0.5258444714136566
2020_12_TEN_IND,2020,12,-19.0,71.0,3.179453120332032,50.20158350298559,0.5407499804878014
2020_12_SEA_PHI,2020,12,-6.0,40.0,-1.723351945558155,48.60379248363469,0.3864596393491933
2020_12_BAL_PIT,2020,12,5.0,33.0,4.718476434756401,44.71104258094748,0.5889765944916856
2020_13_CIN_MIA,2020,13,12.0,26.0,9.831884644733357,45.89864762091911,0.7334483974276697
2020_13_CLE_TEN,2020,13,-6.0,76.0,6.597696801303254,51.480925780766846,0.6455460857290565
2020_13_DEN_KC,2020,13,6.0,38.0,15.970147802111622,48.960103146165395,0.8575893295926651
2020_13_DET_CHI,2020,13,-4.0,64.0,5.054604271124216,43.45495813370962,0.5993181874689159
2020_13_IND_HOU,2020,13,-6.0,46.0,0.6228183554715885,50.2788817348154,0.4593758854954419
2020_13_JAX_MIN,2020,13,3.0,51.0,9.91320109067778,46.72445489007493,0.7354719455161184
2020_13_LA_ARI,2020,13,-10.0,66.0,0.35555733859936156,47.13337396927373,0.4509193047027415
2020_13_LV_NYJ,2020,13,-3.0,59.0,-5.710677860856057,43.19154208250897,0.274683709828654
2020_13_NE_LAC,2020,13,-45.0,45.0,0.2991135656343218,48.407117278735356,0.44913678428578724
2020_13_NO_ATL,2020,13,-5.0,37.0,-5.0980555685576014,48.99320785273574,0.2905284154871928
2020_13_NYG_SEA,2020,13,-5.0,29.0,8.746500932466363,49.41077844636758,0.7055146337091005
2020_13_PHI_GB,2020,13,14.0,46.0,8.72270876141338,48.65545439574915,0.7048835116456856
2020_13_BUF_SF,2020,13,-10.0,58.0,-2.398051066227645,47.65679288825912,0.3662570841336156
2020_13_WAS_PIT,2020,13,-6.0,40.0,9.663973985696453,36.444678193702224,0.7292389132408541
2020_13_DAL_BAL,2020,13,17.0,51.0,8.629207210580734,44.479597143608935,0.7023956502331282
2020_14_NE_LA,2020,14,21.0,27.0,3.2069822560713264,45.17527929207125,0.541622177317063
2020_14_ARI_NYG,2020,14,-19.0,33.0,-0.19782776746666686,45.79307522625809,0.43350448200977015
2020_14_ATL_LAC,2020,14,3.0,37.0,-3.0154140204253532,49.194884800244374,0.34817265198015257
2020_14_DAL_CIN,2020,14,-23.0,37.0,0.7647597133124422,51.950792036066886,0.4638769907701489
2020_14_DEN_CAR,2020,14,-5.0,59.0,5.135661335057412,44.375443727956885,0.6017992461919832
2020_14_GB_DET,2020,14,-7.0,55.0,-7.387631623217347,52.389943156193524,0.23416136793105008
2020_14_HOU_CHI,2020,14,29.0,43.0,1.1163063737593402,45.651128268785605,0.4750487209323769
2020_14_IND_LV,2020,14,-17.0,71.0,-0.07643551756784905,51.00803438768111,0.4373121468579677
2020_14_KC_MIA,2020,14,-6.0,60.0,-3.4047230650124196,49.41779666884446,0.33698577644591793
2020_14_MIN_TB,2020,14,12.0,40.0,5.392317688589011,49.5364467645278,0.6096202133566924
2020_14_NO_PHI,2020,14,3.0,45.0,-8.769777631915423,43.371838954460316,0.20402617235066092
2020_14_NYJ_SEA,2020,14,37.0,43.0,14.084064381850808,45.2627939228007,0.8255991146546492
2020_14_PIT_BUF,2020,14,11.0,41.0,-0.6521934886996572,48.0585757128394,0.4193255905117139
2020_14_TEN_JAX,2020,14,-21.0,41.0,-7.133949572418997,49.964763658589355,0.24001595254272423
2020_14_WAS_SF,2020,14,-8.0,38.0,0.023462645603566923,43.65081396980172,0.44045118578991455
2020_14_BAL_CLE,2020,14,-5.0,89.0,-2.389352398440191,46.6135031732441,0.3665147489745093
2020_15_LAC_LV,2020,15,-3.0,57.0,5.606897419315125,51.464388473197666,0.6161162077849343
2020_15_BUF_DEN,2020,15,-29.0,67.0,-4.576998384606286,45.66771008998553,0.30442078962814706
2020_15_CAR_GB,2020,15,8.0,40.0,11.574493390235142,52.23091160926677,0.7746122280940637
2020_15_CHI_MIN,2020,15,-6.0,60.0,3.611042611456715,45.2719669602889,0.5543918034145223
2020_15_CLE_NYG,2020,15,-14.0,26.0,-0.5536495933568149,46.09278182532276,0.4223902883083782
2020_15_DET_TEN,2020,15,21.0,71.0,10.88942917695388,52.26269066030265,0.7589860153525616
2020_15_HOU_IND,2020,15,7.0,47.0,8.614692666965775,49.533122488276966,0.70200836939801
2020_15_JAX_BAL,2020,15,26.0,54.0,13.748112935712795,45.86174611028377,0.8193406175237293
2020_15_KC_NO,2020,15,-3.0,61.0,0.6926820604519581,52.361596664057444,0.46159055274561916
2020_15_NE_MIA,2020,15,10.0,34.0,2.7648736706951467,41.78116643407928,0.5275877947182933
2020_15_NYJ_LA,2020,15,-3.0,43.0,17.58359979792206,40.24636624055785,0.88093153880458
2020_15_PHI_ARI,2020,15,7.0,59.0,5.927212358489683,46.38632354300281,0.6257359200151327
2020_15_SEA_WAS,2020,15,-5.0,35.0,-3.522230409122669,45.51355793031217,0.3336440572146818
2020_15_SF_DAL,2020,15,8.0,74.0,0.006976893074623014,47.452996660154355,0.4399328289672333
2020_15_TB_ATL,2020,15,-4.0,58.0,-0.24241300950617006,47.958965060826195,0.4321079380595052
2020_15_PIT_CIN,2020,15,10.0,44.0,-10.039570805918098,42.308544817520264,0.17897032895576867
2020_16_MIN_NO,2020,16,19.0,85.0,8.953803462022547,49.68837084388422,0.7109801794350947
2020_16_MIA_LV,2020,16,-1.0,51.0,-2.0586540505132223,46.33883820605434,0.37636590335073866
2020_16_SF_ARI,2020,16,-8.0,32.0,5.161552850479139,47.857756173070634,0.6025906599510134
2020_16_TB_DET,2020,16,-40.0,54.0,-5.521253012699054,50.25394047287244,0.27952528237952734
2020_16_ATL_KC,2020,16,3.0,31.0,10.954059720896785,51.72916010264938,0.7604913173855695
2020_16_CAR_WAS,2020,16,-7.0,33.0,4.536155034337338,42.699821589003655,0.583333447897022
2020_16_CHI_JAX,2020,16,-24.0,58.0,-4.876453954719487,44.420922957484656,0.2963909608554383
2020_16_CIN_HOU,2020,16,-6.0,68.0,4.873251077652444,45.325578961099495,0.5937488829557012
2020_16_CLE_NYJ,2020,16,7.0,39.0,-7.170120751909332,44.98624606459712,0.23917509094123215
2020_16_DEN_LAC,2020,16,3.0,35.0,4.087575158063177,45.73730724428569,0.5693587807026889
2020_16_IND_PIT,2020,16,4.0,52.0,2.1982997517150293,45.96387198404842,0.5095414677074599
2020_16_LA_SEA,2020,16,11.0,29.0,3.247447072720811,46.24718706154144,0.5429037468213957
2020_16_NYG_BAL,2020,16,14.0,40.0,12.49429101653233,41.86635208541905,0.7944406009902059
2020_16_PHI_DAL,2020,16,20.0,54.0,2.497232377792596,47.76205700267501,0.5190690635216545
2020_16_TEN_GB,2020,16,26.0,54.0,3.5876047902506536,55.95426214623169,0.5536528852015895
2020_16_BUF_NE,2020,16,-29.0,47.0,-2.2515264719702786,45.96212967352457,0.3706074234331491
2020_17_ARI_LA,2020,17,11.0,25.0,3.727948185853702,44.30160189722434,0.5580738032177417
2020_17_ATL_TB,2020,17,17.0,71.0,7.690719153040849,48.168298406737385,0.6767736709649306
2020_17_BAL_CIN,2020,17,-35.0,41.0,-8.25076262452384,45.90623303233699,0.21499192853329158
2020_17_DAL_NYG,2020,17,4.0,42.0,-2.046064008793692,43.28878164282907,0.3767430344101047
2020_17_GB_CHI,2020,17,-19.0,51.0,-2.806598889388168,48.8981906413793,0.35424368583285165
2020_17_JAX_IND,2020,17,14.0,42.0,14.089990968653371,47.583892800310544,0.8257079711756063
2020_17_LAC_KC,2020,17,-17.0,59.0,13.08202518545868,51.59966254301014,0.8064172186299702
2020_17_LV_DEN,2020,17,-1.0,63.0,-0.6522803044569834,45.920199393081475,0.4193228932625865
2020_17_MIA_BUF,2020,17,30.0,82.0,4.592345880297718,46.62360006191449,0.5850750488810691
2020_17_MIN_DET,2020,17,-2.0,72.0,-2.1540717453677156,51.29200558060799,0.3735125911170628
2020_17_NO_CAR,2020,17,-26.0,40.0,-7.1204148506850125,48.082920264309976,0.240331110067881
2020_17_NYJ_NE,2020,17,14.0,42.0,9.399206078009058,36.70893350156355,0.7225169657241404
2020_17_PIT_CLE,2020,17,2.0,46.0,-1.3265214602339959,47.159447591076656,0.39853226712340084
2020_17_SEA_SF,2020,17,-3.0,49.0,-7.992877547060653,44.51357442083527,0.2205974228579871
2020_17_TEN_HOU,2020,17,-3.0,79.0,-4.060331050208363,54.09231945561905,0.3185574703457772
2020_17_WAS_PHI,2020,17,-6.0,34.0,0.8321601749536804,41.95626712343508,0.46601643636680296
2020_18_IND_BUF,2020,18,3.0,51.0,5.949001082794877,52.21086990795024,0.6263867803520369
2020_18_LA_SEA,2020,18,-10.0,50.0,3.883545689383947,44.178365233361255,0.5629644708803203
2020_18_TB_WAS,2020,18,-8.0,54.0,-4.954081034525586,44.17937187220198,0.2943295244951823
2020_18_BAL_TEN,2020,18,-7.0,33.0,-1.0596768070156628,52.712078436804575,0.4067213275046391
2020_18_CHI_NO,2020,18,12.0,30.0,9.541932458267016,47.127241664557474,0.7261532620292074
2020_18_CLE_PIT,2020,18,-11.0,85.0,5.677970873543831,45.87445448239639,0.6182588448532502
2020_19_BAL_BUF,2020,19,14.0,20.0,2.997250957684268,51.466306554020505,0.5349712809445274
2020_19_LA_GB,2020,19,14.0,50.0,7.197625696907394,46.17833485179658,0.6628603522281965
2020_19_CLE_KC,2020,19,5.0,39.0,8.548993524190497,50.89677042093121,0.7002517469802757
2020_19_TB_NO,2020,19,-10.0,50.0,3.294237432022348,50.77135205268392,0.5443849450997724
2020_20_BUF_KC,2020,20,14.0,62.0,1.0342127066561306,53.098163254077065,0.47243723204900845
2020_20_TB_GB,2020,20,-5.0,57.0,3.958943505890077,54.12507466059873,0.5653300037998426
2020_21_KC_TB,2020,21,22.0,40.0,-2.206312573563277,53.12125656229209,0.37195411962158054
2021_01_DAL_TB,2021,1,2.0,60.0,9.385452663063319,49.45779459162178,0.7629006423312995
2021_01_ARI_TEN,2021,1,-25.0,51.0,4.312335715661675,50.21872739419861,0.5811965153075666
2021_01_CHI_LA,2021,1,20.0,48.0,4.108155475660956,42.107403488784215,0.5729361018068454
2021_01_CLE_KC,2021,1,4.0,62.0,4.612875222744487,52.16521094200542,0.5932716871541204
2021_01_DEN_NYG,2021,1,-14.0,40.0,2.671594421617472,41.726795029615616,0.5139225080566481
2021_01_GB_NO,2021,1,35.0,41.0,-1.4218618084105032,49.55185075277346,0.34913118411290983
2021_01_JAX_HOU,2021,1,16.0,58.0,7.060634899852127,48.72073794639616,0.6863839505894954
2021_01_LAC_WAS,2021,1,-4.0,36.0,1.8392399884730182,45.09152345785559,0.47944323159529334
2021_01_MIA_NE,2021,1,-1.0,33.0,0.828818047487359,42.88321097022277,0.4378802927037873
2021_01_MIN_CIN,2021,1,3.0,51.0,-1.6669014649638219,48.4979501274933,0.3399582775741229
2021_01_NYJ_CAR,2021,1,5.0,33.0,6.960690060872397,42.92688009552739,0.6828066112287398
2021_01_PHI_ATL,2021,1,-26.0,38.0,4.002641944734141,46.66368699522971,0.5686510933212683
2021_01_PIT_BUF,2021,1,-7.0,39.0,5.837781340996301,49.18449511105256,0.6411956740450513
2021_01_SEA_IND,2021,1,-12.0,44.0,1.839030101564049,48.212296843096944,0.47943454816124753
2021_01_SF_DET,2021,1,-8.0,74.0,-1.4781666391338275,48.7336397040028,0.3470132391228105
2021_01_BAL_LV,2021,1,6.0,60.0,-3.493770837417874,49.52320506145648,0.27561521660480925
2021_02_NYG_WAS,2021,2,1.0,59.0,4.99287218694629,40.34620377578443,0.6083777905243631
2021_02_ATL_TB,2021,2,23.0,73.0,11.74913699780765,49.48179892204255,0.8264210970700673
2021_02_BUF_MIA,2021,2,-35.0,35.0,0.4702613458413081,46.601772480094084,0.42330842182739825
2021_02_CIN_CHI,2021,2,3.0,37.0,4.93931147735168,45.67626829625892,0.6062603880743669
2021_02_DAL_LAC,2021,2,-3.0,37.0,2.3140840955309856,50.64884973214078,0.49911014955559097
2021_02_DEN_JAX,2021,2,-10.0,36.0,-3.023868530552736,46.376128591960764,0.2914355542359268
2021_02_HOU_CLE,2021,2,10.0,52.0,4.4715226131035415,51.45598677786736,0.5876054685878624
2021_02_KC_BAL,2021,2,1.0,71.0,1.904466327510515,49.26978308905971,0.48214234903602615
2021_02_LA_IND,2021,2,-3.0,51.0,1.1057792943330857,44.632729800439485,0.4492112937416249
2021_02_LV_PIT,2021,2,-9.0,43.0,6.1606848269473184,48.647806947212665,0.6534150576760891
2021_02_MIN_ARI,2021,2,1.0,67.0,5.723150060670379,50.55264846340664,0.6368123228761936
2021_02_NE_NYJ,2021,2,-19.0,31.0,-3.3082536077085942,41.22031859689568,0.28179724081013574
2021_02_NO_CAR,2021,2,19.0,33.0,-7.574383385463477,44.191377977135375,0.16209085006449225
2021_02_SF_PHI,2021,2,-6.0,28.0,1.0414100382623093,47.560009498749544,0.44657267921830535
2021_02_TEN_SEA,2021,2,-3.0,63.0,5.344898289560449,50.06881812205832,0.6221897814685444
2021_02_DET_GB,2021,2,18.0,52.0,10.740150289008032,51.444788232771266,0.8011048895580696
2021_03_CAR_HOU,2021,3,-15.0,33.0,1.9471590201089548,44.97382714817079,0.4839095806782493
2021_03_ARI_JAX,2021,3,-12.0,50.0,-8.348089080413061,45.21325582125487,0.1454169583632969
2021_03_ATL_NYG,2021,3,-3.0,31.0,3.151779077981031,44.50872130731648,0.5337744322707683
2021_03_BAL_DET,2021,3,-2.0,36.0,-7.438682827141243,50.4019319885661,0.1651693104384705
2021_03_CHI_CLE,2021,3,20.0,32.0,5.396165880197913,47.3494469756941,0.6241854448935951
2021_03_CIN_PIT,2021,3,-14.0,34.0,8.718869067722245,44.350789162287874,0.7423368811663186
2021_03_GB_SF,2021,3,-2.0,58.0,0.18833104819493407,49.49279603453658,0.4119423372748998
2021_03_IND_TEN,2021,3,9.0,41.0,2.1486671961838333,50.43892498796297,0.49225555327294857
2021_03_LAC_KC,2021,3,-6.0,54.0,7.018538387320934,52.44826795026485,0.6848798525001019
2021_03_MIA_LV,2021,3,3.0,59.0,3.5850942531669676,47.38872942787589,0.5515990564582635
2021_03_NO_NE,2021,3,-15.0,41.0,-3.5360785261361887,42.570653875341165,0.27421721293003043
2021_03_NYJ_DEN,2021,3,26.0,26.0,8.062082633626332,42.10942210578174,0.7209695268762715
2021_03_SEA_MIN,2021,3,13.0,47.0,-0.9544190594144761,51.69077332468878,0.3669385179716479
2021_03_TB_LA,2021,3,10.0,58.0,-0.8077739003783564,48.42806484843485,0.3726034368568831
2021_03_WAS_BUF,2021,3,22.0,64.0,8.833826489076095,45.56671048498009,0.7459649660179594
2021_03_PHI_DAL,2021,3,20.0,62.0,2.9084577063140067,47.57101433176014,0.5237243787873486
2021_04_JAX_CIN,2021,4,3.0,45.0,7.935860867296798,43.33465603859255,0.7167408873773679
2021_04_ARI_LA,2021,4,-17.0,57.0,3.2905498656127152,47.682598485858676,0.5394944405944933
2021_04_BAL_DEN,2021,4,-16.0,30.0,-0.5621814200816466,46.95169151388713,0.38216883987865596
2021_04_CAR_DAL,2021,4,8.0,64.0,1.4001953040092927,47.08472271697784,0.46131420153910085
2021_04_CLE_MIN,2021,4,-7.0,21.0,1.2581557979058853,54.41763919796848,0.4554686266664719
2021_04_DET_CHI,2021,4,10.0,38.0,4.887471554249492,43.766324761414204,0.6042072039031536
2021_04_HOU_BUF,2021,4,40.0,40.0,11.159874317191303,49.374345773559874,0.8119592064165664
2021_04_IND_MIA,2021,4,-10.0,44.0,1.200850697297583,44.32608791230035,0.45311363761540274
2021_04_KC_PHI,2021,4,-12.0,72.0,-3.4878198314835105,49.471374293495984,0.2758122138623889
2021_04_NYG_NO,2021,4,-6.0,48.0,12.39717552103647,42.058237367130666,0.841295148089582
2021_04_PIT_GB,2021,4,10.0,44.0,6.045419571525047,48.090991777722905,0.6490753536398942
2021_04_SEA_SF,2021,4,-7.0,49.0,0.8929733558740844,46.77970152612765,0.44049968712048976
2021_04_TB_NE,2021,4,-2.0,36.0,-3.993640990406389,48.415100580072476,0.2593826833287263
2021_04_TEN_NYJ,2021,4,3.0,51.0,-7.449594104883898,42.900933715570936,0.1649200568069956
2021_04_WAS_ATL,2021,4,-4.0,64.0,1.0834162399217522,44.799563901506836,0.44829425911379805
2021_04_LV_LAC,2021,4,14.0,42.0,1.1902261568768495,51.69688830323205,0.45267724279607585
2021_05_LA_SEA,2021,5,-9.0,43.0,2.4152300745514808,48.141486000402644,0.5033017969315399
2021_05_BUF_KC,2021,5,-18.0,58.0,-3.1477381763556975,53.99679440257111,0.2872135677607255
2021_05_CHI_LV,2021,5,-11.0,29.0,4.366419058991092,45.35436754476491,0.5833771306422579
2021_05_CLE_LAC,2021,5,5.0,89.0,0.3059121911516174,48.770632927229215,0.4166719705559591
2021_05_DEN_PIT,2021,5,8.0,46.0,2.554012116562551,41.30100009356733,0.5090522674624957
2021_05_DET_MIN,2021,5,2.0,36.0,7.76179441796665,51.09138999429727,0.7108462566855089
2021_05_GB_CIN,2021,5,-3.0,47.0,-3.998644282586584,47.15735410651837,0.2592233872080613
2021_05_MIA_TB,2021,5,28.0,62.0,9.855363424565034,48.08421528945002,0.7767011717425674
2021_05_NE_HOU,2021,5,-3.0,47.0,-0.7274412314551917,40.84871875473443,0.37572170415291073
2021_05_NO_WAS,2021,5,-11.0,55.0,-3.4288353458977863,45.029994666242594,0.277769495128178
2021_05_NYG_DAL,2021,5,24.0,64.0,6.183292569304452,48.663430600736106,0.6542632748701249
2021_05_NYJ_ATL,2021,5,7.0,47.0,2.735451079126578,40.895655947003995,0.5165663924266359
2021_05_PHI_CAR,2021,5,-3.0,39.0,4.626878333847847,44.89418854568186,0.5938316890904549
2021_05_SF_ARI,2021,5,7.0,27.0,7.061999335257954,50.34644148032538,0.6864326362705705
2021_05_TEN_JAX,2021,5,-18.0,56.0,-5.979074194678873,47.38995660127802,0.2012819740995776
2021_05_IND_BAL,2021,5,6.0,56.0,5.373249657762512,45.78581930678732,0.6232939151282204
2021_06_TB_PHI,2021,6,-6.0,50.0,-6.708533246926965,50.588940645775146,0.18254154427780753
2021_06_ARI_CLE,2021,6,-23.0,51.0,0.5206502981586012,49.91381658009212,0.42534880999249125
2021_06_CIN_DET,2021,6,-23.0,45.0,-1.8733787332509904,45.81753947788275,0.3323206974227587
2021_06_DAL_NE,2021,6,-6.0,64.0,-0.3254008970875555,46.828757391144926,0.3914784067692408
2021_06_GB_CHI,2021,6,-10.0,38.0,-3.4884131887547287,44.201854226551376,0.27579256793378976
2021_06_HOU_IND,2021,6,28.0,34.0,6.547718272734336,46.75840631123573,0.6677979840402063
2021_06_KC_WAS,2021,6,-18.0,44.0,-1.165139140256041,52.407845538093426,0.3588626641064491
2021_06_LAC_BAL,2021,6,28.0,40.0,5.166443711607247,50.309601910959344,0.6152112133763915
2021_06_LA_NYG,2021,6,-27.0,49.0,-4.922120454494335,45.74845331488872,0.2309256428912617
2021_06_LV_DEN,2021,6,-10.0,58.0,1.3603901930608397,46.716027509922824,0.45967489584474186
2021_06_MIA_JAX,2021,6,3.0,43.0,-6.417511395040556,42.12105360859318,0.1898507685861639
2021_06_MIN_CAR,2021,6,-6.0,62.0,1.5888264920403588,46.31475399620574,0.46909344338748216
2021_06_SEA_PIT,2021,6,3.0,43.0,0.2538579221151869,43.080234079156455,0.41457617067733227
2021_06_BUF_TEN,2021,6,3.0,65.0,-6.470260090422489,51.43956862193525,0.18850951365852028
2021_07_DEN_CLE,2021,7,3.0,31.0,5.406927913194725,47.3623781672934,0.6246038398212762
2021_07_ATL_MIA,2021,7,-2.0,58.0,-0.32585864055711644,45.57337061948283,0.39146033071791236
2021_07_CAR_NYG,2021,7,22.0,28.0,-1.6682585139256014,44.10281454917497,0.3399078023717986
2021_07_CHI_TB,2021,7,35.0,41.0,10.922065534106155,46.96508806614586,0.8058661894057872
2021_07_CIN_BAL,2021,7,-24.0,58.0,8.975475466320535,45.84692206820207,0.7503888709631897
2021_07_DET_LA,2021,7,9.0,47.0,13.998867111658335,47.49019718444866,0.8736259173525225
2021_07_HOU_ARI,2021,7,26.0,36.0,13.471442710376698,47.051656416917105,0.8636539076038813
2021_07_IND_SF,2021,7,-12.0,48.0,1.428614709260122,45.40178648668073,0.462485120582199
2021_07_KC_TEN,2021,7,24.0,30.0,1.816680418975168,55.39192643366195,0.4785099700195455
2021_07_NYJ_NE,2021,7,41.0,67.0,8.445392958775354,39.193142565583884,0.7335709866609733
2021_07_PHI_LV,2021,7,11.0,55.0,5.031386247234616,46.91238617398168,0.6098978454435364
2021_07_WAS_GB,2021,7,14.0,34.0,10.935618119569487,48.940034310071944,0.8062174172520259
2021_07_NO_SEA,2021,7,-3.0,23.0,-3.6449646101141813,44.81284931584413,0.27063957086044166
2021_08_GB_ARI,2021,8,-3.0,45.0,2.5675296476301614,48.517636223940805,0.50961226639566
2021_08_CAR_ATL,2021,8,-6.0,32.0,3.138869910879814,45.789269003213896,0.5332418527290801
2021_08_CIN_NYJ,2021,8,3.0,65.0,-7.2938411602132796,42.97319734727685,0.1685067005178881
2021_08_DAL_MIN,2021,8,-4.0,36.0,-0.36475231773544037,53.08383330336346,0.3899255316574317
2021_08_JAX_SEA,2021,8,24.0,38.0,8.43692858246024,43.81847363326646,0.7332966637451048
2021_08_LA_HOU,2021,8,-16.0,60.0,-10.096362938404912,45.48795129763244,0.11296397123841714
2021_08_MIA_BUF,2021,8,15.0,37.0,17.37516941370309,49.21062558250571,0.9236559357846355
2021_08_NE_LAC,2021,8,-3.0,51.0,2.0983190339826123,47.16819530955688,0.4901696699235472
2021_08_PHI_DET,2021,8,-38.0,50.0,-1.406552696504725,46.07334293520402,0.34970808254607133
2021_08_PIT_CLE,2021,8,-5.0,25.0,2.8250033006079374,44.12575345143626,0.5202725660808893
2021_08_SF_CHI,2021,8,-11.0,55.0,0.4146685858519441,41.4925002363676,0.421060350783479
2021_08_TB_NO,2021,8,9.0,63.0,-1.616323292212717,47.73416228985877,0.341842108478052
2021_08_TEN_IND,2021,8,-3.0,65.0,0.4699035647844336,49.23590990268243,0.42329394354428995
2021_08_WAS_DEN,2021,8,7.0,27.0,4.384285390332603,44.87879399920736,0.5840967809611303
2021_08_NYG_KC,2021,8,3.0,37.0,7.830876870530373,48.0547659132487,0.7131943823396203
2021_09_NYJ_IND,2021,9,15.0,75.0,12.374405891301224,45.83601675469723,0.8407905390294708
2021_09_ARI_SF,2021,9,-14.0,48.0,-5.082518125937795,47.112852283278734,0.22623731167923056
2021_09_ATL_NO,2021,9,-2.0,52.0,10.244153266824217,43.64335186152927,0.7876794001451348
2021_09_BUF_JAX,2021,9,3.0,15.0,-15.477890519388987,46.27056223560567,0.04959949987978828
2021_09_CLE_CIN,2021,9,-25.0,57.0,2.1238540526135448,46.830040692805284,0.4912275267305592
2021_09_DEN_DAL,2021,9,-14.0,46.0,9.05336545624466,47.31774690780567,0.7527994721060836
2021_09_GB_KC,2021,9,6.0,20.0,-2.7653282678294033,49.957305973258265,0.3003641595766213
2021_09_HOU_MIA,2021,9,8.0,26.0,5.281465371745634,43.044695145804596,0.6197148293836211
2021_09_LAC_PHI,2021,9,-3.0,51.0,2.128246090798871,47.150438108002774,0.49140948690419595
2021_09_LV_NYG,2021,9,7.0,39.0,-3.967440960830091,46.72110163200944,0.2602178847173498
2021_09_MIN_BAL,2021,9,3.0,65.0,7.217394803901138,48.35556640105622,0.6919504080084342
2021_09_NE_CAR,2021,9,-18.0,30.0,-1.5061595139937412,42.922086958038356,0.34596251156328317
2021_09_TEN_LA,2021,9,-12.0,44.0,3.400343515971785,51.458218301179606,0.5440127525491086
2021_09_CHI_PIT,2021,9,2.0,56.0,6.173442417481386,39.19601864293542,0.6538938284424632
2021_10_BAL_MIA,2021,10,12.0,32.0,-6.898972033421458,45.60845098818097,0.1778779843417044
2021_10_ATL_DAL,2021,10,40.0,46.0,7.413804011816094,50.7650554877559,0.6988466864424423
2021_10_BUF_NYJ,2021,10,-28.0,62.0,-12.601839488581831,46.55750742898078,0.07754751888507898
2021_10_CAR_ARI,2021,10,-24.0,44.0,11.147972913408275,41.22243682978796,0.8116577997279827
2021_10_CLE_NE,2021,10,38.0,52.0,4.08461945950398,46.537932003468406,0.5719812054601189
2021_10_DET_PIT,2021,10,0.0,32.0,10.18174169687271,43.63260786812654,0.7859440043746668
2021_10_JAX_IND,2021,10,6.0,40.0,13.207280452720617,45.67621440032473,0.8584148236011185
2021_10_KC_LV,2021,10,-27.0,55.0,-0.35636802711369464,50.91839852946898,0.3902562044039947
2021_10_MIN_LAC,2021,10,-7.0,47.0,2.381922988123695,49.70580028320345,0.5019215216609304
2021_10_NO_TEN,2021,10,2.0,44.0,2.8700520719699703,46.22293179389639,0.5221361195201136
2021_10_PHI_DEN,2021,10,-17.0,43.0,2.924708463969656,45.112982572530676,0.5243962838571714
2021_10_SEA_GB,2021,10,17.0,17.0,3.4968773146436103,41.17807087983402,0.5479794339987005
2021_10_TB_WAS,2021,10,10.0,48.0,-9.78946330768954,48.793107548684375,0.11816297165626946
2021_10_LA_SF,2021,10,21.0,41.0,-4.828903057708589,47.80640946835201,0.23368139067798335
2021_11_NE_ATL,2021,11,-25.0,25.0,-6.506087833828284,46.97376854453432,0.18760266800647557
2021_11_ARI_SEA,2021,11,-10.0,36.0,-1.6727776119909312,41.64142767921119,0.33973974151375974
2021_11_BAL_CHI,2021,11,-3.0,29.0,-4.443656498427988,44.83421719850919,0.24531121474591633
2021_11_CIN_LV,2021,11,-19.0,45.0,0.4029723223773021,48.31500959348794,0.4205877881669978
2021_11_DAL_KC,2021,11,10.0,28.0,0.16231431664036,51.8362755802633,0.4108979906112713
2021_11_DET_CLE,2021,11,3.0,23.0,10.044658321196964,45.162363028495605,0.7820961614731653
2021_11_GB_MIN,2021,11,3.0,65.0,-2.962354871353912,47.580285525530215,0.2935457146537172
2021_11_HOU_TEN,2021,11,-9.0,35.0,13.122845219291358,46.351664371065276,0.8567051353447191
2021_11_IND_BUF,2021,11,-26.0,56.0,7.750843102665683,47.23679223009096,0.7104729737749873
2021_11_MIA_NYJ,2021,11,-7.0,41.0,-3.5923459838791727,44.11737681641431,0.2723647775631466
2021_11_NO_PHI,2021,11,11.0,69.0,-1.5422188322977406,43.48007709355793,0.34461121899830205
2021_11_PIT_LAC,2021,11,4.0,78.0,1.2639999871222363,45.641206272742245,0.4557089110380526
2021_11_SF_JAX,2021,11,-20.0,40.0,-5.166189007979616,43.74095099439385,0.22381854109777893
2021_11_WAS_CAR,2021,11,-6.0,48.0,4.228187462747256,40.17376743523778,0.5777974094484916
2021_11_NYG_TB,2021,11,20.0,40.0,11.618658000622636,47.191912035873315,0.823296455721086
2021_12_BUF_NO,2021,12,-25.0,37.0,-1.4929186884200059,45.17687561033128,0.34645932646264777
2021_12_CHI_DET,2021,12,-2.0,30.0,-2.3731062087633017,41.57153088277698,0.3142021299339534
2021_12_LV_DAL,2021,12,-3.0,69.0,8.225308197302446,49.119567371725324,0.726380092748958
2021_12_ATL_JAX,2021,12,-7.0,35.0,-1.4131502409265901,41.49290002890208,0.34945941099305067
2021_12_CAR_MIA,2021,12,23.0,43.0,1.5455943420285414,41.868727236993045,0.4673090630676753
2021_12_CLE_BAL,2021,12,6.0,26.0,5.286315954496102,44.15381655325016,0.619904305532884
2021_12_LAC_DEN,2021,12,15.0,41.0,2.447394331816976,47.16007833091067,0.504634664810534
2021_12_LA_GB,2021,12,8.0,64.0,2.1853949153228025,46.633504019274376,0.493777326995144
2021_12_MIN_SF,2021,12,8.0,60.0,2.5549528945777396,49.03721909207155,0.5090912423939536
2021_12_NYJ_HOU,2021,12,-7.0,35.0,4.700986456850465,43.6419160716927,0.5967912727490273
2021_12_PHI_NYG,2021,12,6.0,20.0,-3.2625742212139173,43.78135872321725,0.28333228660119336
2021_12_PIT_CIN,2021,12,31.0,51.0,3.3027160547587524,45.04202499846184,0.5399954465135866
2021_12_TB_IND,2021,12,-7.0,69.0,-0.28558159895975255,51.300480693329504,0.3930519845547872
2021_12_TEN_NE,2021,12,23.0,49.0,5.195482616472409,45.68549951978087,0.6163501155830189
2021_12_SEA_WAS,2021,12,2.0,32.0,-0.9690557703811775,40.944076070938834,0.3663750834304888
2021_13_DAL_NO,2021,13,-10.0,44.0,0.06853910510752348,46.32136719929264,0.4071404481134245
2021_13_ARI_CHI,2021,13,-11.0,55.0,-6.420118063589944,42.18863610000694,0.18978431687481367
2021_13_BAL_PIT,2021,13,1.0,39.0,-2.4159415049687416,45.27059963561588,0.3126740931788239
2021_13_DEN_KC,2021,13,13.0,31.0,6.780816281485431,45.94957919003003,0.6763138076680568
2021_13_IND_HOU,2021,13,-31.0,31.0,-8.202600826722616,44.42255332091693,0.14843974217011177
2021_13_JAX_LA,2021,13,30.0,44.0,12.769557357792252,43.96396512912064,0.8493644995910411
2021_13_LAC_CIN,2021,13,-19.0,63.0,5.441404996516761,48.255773045513266,0.6259429485024721
2021_13_MIN_DET,2021,13,2.0,56.0,-5.759287967116178,46.54194801753316,0.20720309530198955
2021_13_NYG_MIA,2021,13,11.0,29.0,3.970934703123188,41.55502852927074,0.567361389586232
2021_13_PHI_NYJ,2021,13,-15.0,51.0,-5.60632944356447,43.688679134345286,0.21139919560944964
2021_13_SF_SEA,2021,13,7.0,53.0,-0.43178836727758885,43.42309052114575,0.3872853199698221
2021_13_TB_ATL,2021,13,-13.0,47.0,-10.422949799172885,48.950753578472764,0.10765180854717583
2021_13_WAS_LV,2021,13,-2.0,32.0,3.5798678227847907,47.74878949421402,0.5513847596169921
2021_13_NE_BUF,2021,13,-4.0,24.0,3.908125528257771,44.747459477458655,0.5648039222619123
2021_14_PIT_MIN,2021,14,8.0,64.0,3.672381329149446,48.48036107456261,0.5551751548453223
2021_14_ATL_CAR,2021,14,-8.0,50.0,6.234048679148437,40.46105507456483,0.656164010374095
2021_14_BAL_CLE,2021,14,2.0,46.0,-0.29714175430295464,43.573190198190915,0.39259492035247384
2021_14_BUF_TB,2021,14,6.0,60.0,2.597972549200118,49.41844213019304,0.5108733524011352
2021_14_CHI_GB,2021,14,15.0,75.0,12.175229942373369,43.91006749019108,0.8363209334739954
2021_14_DAL_WAS,2021,14,-7.0,47.0,-5.141582355844029,47.479719065030224,0.22452795869782402
2021_14_DET_DEN,2021,14,28.0,48.0,8.611842369399788,41.679860574684945,0.7389288275658998
2021_14_JAX_TEN,2021,14,20.0,20.0,14.410610517088092,44.442087742393724,0.8809712372664533
2021_14_LV_KC,2021,14,39.0,57.0,8.575389316432247,47.39742518665806,0.7377614192719081
2021_14_NO_NYJ,2021,14,-21.0,39.0,-6.650317466384301,41.4607195149847,0.18398598083316217
2021_14_NYG_LAC,2021,14,16.0,58.0,7.88680868484907,43.7739960228156,0.7150871396663515
2021_14_SEA_HOU,2021,14,-20.0,46.0,-5.968811527510402,37.126407576467614,0.201555614644512
2021_14_SF_CIN,2021,14,-3.0,49.0,1.9596767647982103,47.98153253563052,0.4844278215140404
2021_14_LA_ARI,2021,14,-7.0,53.0,3.738173088659342,48.216963613802506,0.5578668518968202
2021_15_KC_LAC,2021,15,-6.0,62.0,-2.8014795505865244,49.76551702016188,0.29910632222087963
2021_15_NE_IND,2021,15,10.0,44.0,0.3576269677731767,44.809263860335534,0.4187570886105085
2021_15_ARI_DET,2021,15,18.0,42.0,-9.906183017149313,44.55415563935305,0.11616170520161204
2021_15_ATL_SF,2021,15,18.0,44.0,9.028684074725518,46.46175481814638,0.7520373085799874
2021_15_CAR_BUF,2021,15,17.0,45.0,11.291790720424423,41.98196581128796,0.8152752213355269
2021_15_CIN_DEN,2021,15,-5.0,25.0,2.1196799001380078,45.1761865806792,0.49105459561769416
2021_15_DAL_NYG,2021,15,-15.0,27.0,-7.835216812423228,43.607000375783414,0.15630384531649907
2021_15_GB_BAL,2021,15,-1.0,61.0,-0.88406232987156,44.960736587286725,0.369651928983333
2021_15_HOU_JAX,2021,15,-14.0,46.0,0.1903967032278997,35.97499555239359,0.41202528957032325
2021_15_NO_TB,2021,15,-9.0,9.0,8.01130808535154,46.75206104004132,0.7192731525103677
2021_15_NYJ_MIA,2021,15,7.0,55.0,11.035033161443009,43.47065632854381,0.8087790938214118
2021_15_TEN_PIT,2021,15,6.0,32.0,-1.2427602185321196,46.51561046119735,0.35590760454455755
2021_15_LV_CLE,2021,15,-2.0,30.0,5.887747210869209,44.86649650574877,0.6430989983804399
2021_15_MIN_CHI,2021,15,-8.0,26.0,-3.0776078383959833,44.63936038934757,0.2895994128350167
2021_15_SEA_LA,2021,15,10.0,30.0,5.50590794482896,43.14857530255648,0.6284430909954477
2021_15_WAS_PHI,2021,15,10.0,44.0,6.2381294573310075,46.050651341340966,0.6563166130026448
2021_16_SF_TEN,2021,16,3.0,37.0,1.1576500715108373,46.038148304538865,0.4513396614039119
2021_16_CLE_GB,2021,16,2.0,46.0,8.330722418598182,53.061704174423866,0.7298393781312937
2021_16_IND_ARI,2021,16,-6.0,38.0,-0.6298463333303705,47.48530493974227,0.3795239254490705
2021_16_BAL_CIN,2021,16,20.0,62.0,1.5935083209252754,45.49751992704324,0.4692867312410015
2021_16_BUF_NE,2021,16,-12.0,54.0,2.7307240342842545,44.32557739567441,0.5163707065404245
2021_16_CHI_SEA,2021,16,-1.0,49.0,7.647252293945446,32.39424349092458,0.7069279360729553
2021_16_DEN_LV,2021,16,4.0,30.0,-0.7258210662349516,43.03923266879837,0.37578470109911033
2021_16_DET_ATL,2021,16,4.0,36.0,3.2443292494175853,42.962656541965565,0.5375903479517208
2021_16_JAX_NYJ,2021,16,5.0,47.0,4.280099008644456,40.15323778454186,0.5798952298181926
2021_16_LAC_HOU,2021,16,12.0,70.0,-7.064295071237533,44.7068734012604,0.17390562042292892
2021_16_LA_MIN,2021,16,-7.0,53.0,-1.3239063549051462,55.30467480608351,0.3528300414021451
2021_16_NYG_PHI,2021,16,24.0,44.0,9.36170313030599,34.07268802641393,0.7621877830949747
2021_16_PIT_KC,2021,16,26.0,46.0,11.09617209726941,46.08621435530485,0.8103416068957389
2021_16_TB_CAR,2021,16,-26.0,38.0,-7.835345839429801,43.454824378135946,0.15630102476300614
2021_16_WAS_DAL,2021,16,42.0,70.0,9.422028345166254,51.37872097837395,0.763995604044321
2021_16_MIA_NO,2021,16,-17.0,23.0,3.727464199475972,41.05412758237771,0.5574289531139608
2021_17_ARI_DAL,2021,17,-3.0,47.0,6.046126279523556,47.20482657251146,0.6491020371273848
2021_17_ATL_BUF,2021,17,14.0,44.0,12.891222232199334,44.92423192150692,0.8519267636633293
2021_17_CAR_NO,2021,17,8.0,28.0,7.9748535398057445,37.16107804815006,0.71805133823536
2021_17_DEN_LAC,2021,17,21.0,47.0,3.300657959970686,44.650281037179084,0.5399106994415764
2021_17_DET_SEA,2021,17,22.0,80.0,8.326919562175764,40.63595694863518,0.7297150631806191
2021_17_HOU_SF,2021,17,16.0,30.0,11.095546147536176,42.773174868204144,0.8103256593143282
2021_17_JAX_NE,2021,17,40.0,60.0,17.011302570577527,40.902802787744,0.9192924231163047
2021_17_KC_CIN,2021,17,3.0,65.0,-3.370389932581663,48.877051626368285,0.2797172964433325
2021_17_LA_BAL,2021,17,-1.0,39.0,-2.387926602144563,47.52663876321763,0.31367299338959537
2021_17_LV_IND,2021,17,-3.0,43.0,9.689093786367998,45.44850035579394,0.7718844487349007
2021_17_MIA_TEN,2021,17,31.0,37.0,3.821025558379436,43.10741898345803,0.5612516940959502
2021_17_MIN_GB,2021,17,27.0,47.0,7.13399123052756,49.67567971528029,0.6889956046133322
2021_17_NYG_CHI,2021,17,26.0,32.0,4.096876800275072,38.96493040881937,0.5724785740723359
2021_17_PHI_WAS,2021,17,-4.0,36.0,-5.584137407727074,45.37156181296855,0.21201312681587045
2021_17_TB_NYJ,2021,17,-4.0,52.0,-12.614142392525668,46.01984164566062,0.07740175613211873
2021_17_CLE_PIT,2021,17,12.0,40.0,0.22818815712895724,42.16118772817479,0.41354379131970187
2021_18_DAL_PHI,2021,18,-25.0,77.0,-1.334653256261817,46.167858210099425,0.3524233599341341
2021_18_KC_DEN,2021,18,-4.0,52.0,-6.476890901688233,42.53559542199892,0.18834142599585024
2021_18_CAR_TB,2021,18,24.0,58.0,14.289715170312254,43.113604064038626,0.8788536648018587
2021_18_CHI_MIN,2021,18,14.0,48.0,5.081122027061587,43.05058312815274,0.6118576365414945
2021_18_CIN_CLE,2021,18,5.0,37.0,-1.8433992139600965,44.23131211370342,0.3334242989826841
2021_18_GB_DET,2021,18,7.0,67.0,-10.453034446709838,46.37608747437368,0.10717367199464281
2021_18_IND_JAX,2021,18,15.0,37.0,-13.489907715632118,42.36409005883611,0.06765015772811393
2021_18_LAC_LV,2021,18,3.0,67.0,-1.7420932438598902,48.17915045846357,0.3371670357878723
2021_18_NE_MIA,2021,18,9.0,57.0,-4.449779985319481,43.57605368882655,0.24512333802545358
2021_18_NO_ATL,2021,18,-10.0,50.0,-4.474014503745881,38.211170067274296,0.2443807444357681
2021_18_NYJ_BUF,2021,18,17.0,37.0,16.744349391421117,45.07249154399045,0.9159476554960663
2021_18_PIT_BAL,2021,18,-3.0,29.0,3.952295543780921,44.04443226511442,0.5666028074569762
2021_18_SEA_ARI,2021,18,-8.0,68.0,4.3798189039244875,44.763211096896555,0.5839169057514808
2021_18_SF_LA,2021,18,-3.0,51.0,5.111483171726154,45.17162717224859,0.6130522170087848
2021_18_TEN_HOU,2021,18,-3.0,53.0,-8.751600890225115,40.96163598013367,0.13730009296313533
2021_18_WAS_NYG,2021,18,-15.0,29.0,-0.2940204878123893,38.12571767417355,0.3927183101496941
2021_19_LV_CIN,2021,19,7.0,45.0,6.002719659957694,43.63857801985836,0.6474613896600505
2021_19_NE_BUF,2021,19,30.0,64.0,5.1637952607417175,45.954557988423204,0.6151072784027076
2021_19_PHI_TB,2021,19,16.0,46.0,7.882934779299317,49.076331519042604,0.7149562874139344
2021_19_PIT_KC,2021,19,21.0,63.0,10.694084191732225,45.17227024828759,0.7998853561339049
2021_19_SF_DAL,2021,19,-6.0,40.0,6.999041425038937,48.208317090711816,0.6841819128128118
2021_19_ARI_LA,2021,19,23.0,45.0,4.8736231229937435,45.82657997838978,0.6036580940241073
2021_20_CIN_TEN,2021,20,-3.0,35.0,4.807750302017634,46.325406405610735,0.6010425863272008
2021_20_SF_GB,2021,20,-3.0,23.0,7.080007371922874,49.89049142441522,0.6870748127139991
2021_20_BUF_KC,2021,20,6.0,78.0,1.3228594083976406,49.16116691353449,0.4581300526155909
2021_20_LA_TB,2021,20,-3.0,57.0,4.220713746287163,46.752479227209044,0.577495152644305
2021_21_CIN_KC,2021,21,-3.0,51.0,7.589583929406074,50.11672594126529,0.7049434638904045
2021_21_SF_LA,2021,21,3.0,37.0,3.871049850449819,44.812814454803735,0.5632926434477793
2021_22_LA_CIN,2021,22,-3.0,43.0,-4.621719428757735,46.627954618900674,0.23988776002481244
2022_01_BUF_LA,2022,1,-21.0,41.0,0.7674315444940023,48.58052997011194,0.4868655054571506
2022_01_BAL_NYJ,2022,1,-15.0,33.0,-4.041468324828666,44.19933003862364,0.3634585154326017
2022_01_CLE_CAR,2022,1,-2.0,50.0,-1.9645960349382419,39.69218846895487,0.41555190734623854
2022_01_GB_MIN,2022,1,16.0,30.0,-1.5303903718730019,49.10154607280193,0.426729586269099
2022_01_IND_HOU,2022,1,0.0,40.0,-6.682136280696009,43.577523835917575,0.30169341016830964
2022_01_JAX_WAS,2022,1,6.0,50.0,6.589303102173228,42.208840949691776,0.6369746430916083
2022_01_KC_ARI,2022,1,-23.0,65.0,-2.405497102136586,49.237137955660906,0.4042901463051973
2022_01_LV_LAC,2022,1,5.0,43.0,4.681250336981384,49.21433414165676,0.5892246440749906
2022_01_NE_MIA,2022,1,13.0,27.0,-0.36201732017758026,46.586177540526336,0.4571495515086531
2022_01_NO_ATL,2022,1,-1.0,53.0,-2.837617322827679,40.952295395957094,0.3933495453652828
2022_01_NYG_TEN,2022,1,-1.0,41.0,12.056031489352485,40.14421208528301,0.7575988821899089
2022_01_PHI_DET,2022,1,-3.0,73.0,-2.9165112181225616,46.55021032590696,0.39136322774824983
2022_01_PIT_CIN,2022,1,-3.0,43.0,5.427422972550149,46.05086767242432,0.6081539703566496
2022_01_SF_CHI,2022,1,9.0,29.0,-2.5132266894676674,43.41663571824077,0.4015532270817943
2022_01_TB_DAL,2022,1,-16.0,22.0,1.7180418291625181,48.87310284720769,0.5119570325987941
2022_01_DEN_SEA,2022,1,1.0,33.0,5.69722732748466,42.628949661464155,0.6149224133055247
2022_02_LAC_KC,2022,2,3.0,51.0,8.434987050388145,54.195880089228005,0.6807383354826352
2022_02_ARI_LV,2022,2,-6.0,52.0,1.634177115328041,44.85901788411356,0.509743987106026
2022_02_ATL_LA,2022,2,4.0,58.0,8.730574509031468,44.569695810235864,0.6874837862975169
2022_02_CAR_NYG,2022,2,3.0,35.0,2.127472245327047,39.45317137969481,0.5227528601757983
2022_02_CHI_GB,2022,2,17.0,37.0,6.4371038131900615,43.09916687429587,0.6332499037861428
2022_02_CIN_DAL,2022,2,3.0,37.0,4.152148141936133,46.25052036697065,0.5756365604956379
2022_02_HOU_DEN,2022,2,7.0,25.0,5.388660859824218,39.63583510660924,0.607178072218819
2022_02_IND_JAX,2022,2,24.0,24.0,-7.49798427668881,43.117083782164556,0.2838582848239198
2022_02_MIA_BAL,2022,2,-4.0,80.0,2.337716732196588,43.5189050081311,0.5282889553429224
2022_02_NE_PIT,2022,2,-3.0,31.0,-0.02967841806924243,46.050413262530824,0.4658713289971472
2022_02_NYJ_CLE,2022,2,-1.0,61.0,8.172077994166251,42.51823909524201,0.6746742457203693
2022_02_SEA_SF,2022,2,20.0,34.0,3.1892645727038795,41.479158404081076,0.5506266208303121
2022_02_TB_NO,2022,2,-10.0,30.0,-3.146670730751664,44.79588251778588,0.385589225815425
2022_02_WAS_DET,2022,2,9.0,63.0,1.3978366577399948,45.787913293425454,0.5035055968338575
2022_02_MIN_PHI,2022,2,17.0,31.0,2.1099576422234274,47.136112539406234,0.5222913996547978
2022_02_TEN_BUF,2022,2,34.0,48.0,6.773913341530076,46.450874388963925,0.6414705709642289
2022_03_PIT_CLE,2022,3,12.0,46.0,1.7827488439644135,42.89840616804243,0.513664223591667
2022_03_ATL_SEA,2022,3,-4.0,50.0,6.430134787206588,43.41538537288232,0.6330789666707131
2022_03_BAL_NE,2022,3,-11.0,63.0,4.389101409401374,46.48184640400208,0.5817372871913394
2022_03_BUF_MIA,2022,3,2.0,40.0,-3.4018417477008285,48.66530272205026,0.37922525275022745
2022_03_CIN_NYJ,2022,3,-15.0,39.0,-3.8178767719425384,47.400482376448295,0.3689387038363103
2022_03_DET_MIN,2022,3,4.0,52.0,5.441121670602016,45.24834485097285,0.608498650779712
2022_03_GB_TB,2022,3,-2.0,26.0,5.31642709959814,46.08612494207136,0.6053571916009841
2022_03_HOU_CHI,2022,3,3.0,43.0,6.1050083444039736,38.71069702776114,0.6250676261631676
2022_03_JAX_LAC,2022,3,-28.0,48.0,9.206626564881837,47.51759245346958,0.6981817477011684
2022_03_KC_IND,2022,3,3.0,37.0,-4.625222045092362,48.118727133891156,0.34931976782413565
2022_03_LA_ARI,2022,3,-8.0,32.0,-0.6143524078665674,48.21785149682706,0.4505445761021327
2022_03_LV_TEN,2022,3,2.0,46.0,5.060657454905675,43.94582727387746,0.5988864746405961
2022_03_NO_CAR,2022,3,8.0,36.0,-3.7925803282079773,39.960394660003466,0.36956088004656135
2022_03_PHI_WAS,2022,3,-16.0,32.0,-2.211063697285124,48.1432387592206,0.4092448101009164
2022_03_SF_DEN,2022,3,1.0,21.0,-2.714419298217331,41.1363505053738,0.3964583551646058
2022_03_DAL_NYG,2022,3,-7.0,39.0,-5.491961169336083,41.68038205234448,0.32881249944042507
2022_04_MIA_CIN,2022,4,12.0,42.0,1.7022638414007243,46.74782708234989,0.5115407118216024
2022_04_ARI_CAR,2022,4,-10.0,42.0,-0.3524320868276454,42.19429974206083,0.457400761169003
2022_04_BUF_BAL,2022,4,-3.0,43.0,-2.7690678707671657,50.315992075759155,0.3950782907787607
2022_04_CHI_NYG,2022,4,8.0,32.0,-1.2376394394010108,38.821337293593515,0.43430902632308305
2022_04_CLE_ATL,2022,4,3.0,43.0,-0.7574877318994835,45.82929494086055,0.4468055318350985
2022_04_DEN_LV,2022,4,9.0,55.0,2.0030114966865713,42.23239622075933,0.5194728729737208
2022_04_JAX_PHI,2022,4,8.0,50.0,8.674697133938157,45.67215841896919,0.6862145957616281
2022_04_KC_TB,2022,4,-10.0,72.0,0.9573050303097774,48.32332396643765,0.4918760015050122
2022_04_LAC_HOU,2022,4,-10.0,58.0,-2.4858448387657797,45.114032646156566,0.40224830123586286
2022_04_MIN_NO,2022,4,-3.0,53.0,-1.956997763619297,41.35695791204607,0.4157467983424287
2022_04_NE_GB,2022,4,3.0,51.0,4.3963172427282124,46.82620465008419,0.5819226880840097
2022_04_NYJ_PIT,2022,4,-4.0,44.0,7.090487598298553,44.49834253267144,0.6491223789945444
2022_04_SEA_DET,2022,4,-3.0,93.0,0.5495325786154917,46.28408462209432,0.48111876827474587
2022_04_TEN_IND,2022,4,-7.0,41.0,2.962490688767794,42.530102941894334,0.5446940899046524
2022_04_WAS_DAL,2022,4,15.0,35.0,8.20541552862488,43.73804574988584,0.6754464904745129
2022_04_LA_SF,2022,4,15.0,33.0,1.5009271525810184,42.17940881114245,0.5062269992564148
2022_05_IND_DEN,2022,5,-3.0,21.0,0.34174074100576224,40.47845221403572,0.4756432179692054
2022_05_ATL_TB,2022,5,6.0,36.0,8.393097244869214,45.994795022153596,0.6797761510317374
2022_05_CHI_MIN,2022,5,7.0,51.0,6.368500761238196,42.6628774894412,0.6315657462953626
2022_05_CIN_BAL,2022,5,2.0,36.0,0.3633686040102926,47.190222847242985,0.4762128863653532
2022_05_DAL_LA,2022,5,-12.0,32.0,0.21282423248910542,42.924167711606195,0.47224897920295855
2022_05_DET_NE,2022,5,29.0,29.0,6.327410478506918,48.52041109433267,0.6305554671911253
2022_05_HOU_JAX,2022,5,-7.0,19.0,5.525994294255881,39.310509337614235,0.6106317537821768
2022_05_LAC_CLE,2022,5,-2.0,58.0,2.3869120267372232,48.47215931414986,0.5295833976218225
2022_05_MIA_NYJ,2022,5,23.0,57.0,-5.689545515404155,43.972422522213236,0.3242241460385538
2022_05_NYG_GB,2022,5,-5.0,49.0,5.8369531656156095,40.25209555491252,0.6184104250908725
2022_05_PHI_ARI,2022,5,-3.0,37.0,-3.044746180077909,47.78451285958432,0.38814233751183147
2022_05_PIT_BUF,2022,5,35.0,41.0,11.275594195172129,45.1396979028029,0.7421443175089776
2022_05_SEA_NO,2022,5,7.0,71.0,1.9646300471396099,44.11549872671945,0.518461032174489
2022_05_SF_CAR,2022,5,-22.0,52.0,-5.398021411901191,38.508280934588534,0.3310055697377611
2022_05_TEN_WAS,2022,5,-4.0,38.0,-1.965461337676266,41.99391092805922,0.41552971453605925
2022_05_LV_KC,2022,5,1.0,59.0,11.181247283492265,51.32946450741586,0.740233080550688
2022_06_WAS_CHI,2022,6,-5.0,19.0,3.6239383369642875,39.99890044724959,0.5619563664693719
2022_06_ARI_SEA,2022,6,10.0,28.0,3.586629212505196,48.1780785905065,0.5609862657265015
2022_06_BAL_NYG,2022,6,4.0,44.0,-0.6457235862081441,42.696326270772445,0.4497245911877783
2022_06_BUF_KC,2022,6,-4.0,44.0,0.6111130523412813,54.77004865927481,0.48274241458973627
2022_06_CAR_LA,2022,6,14.0,34.0,8.84468523862191,40.15159209393438,0.6900669535185957
2022_06_CIN_NO,2022,6,-4.0,56.0,0.3137503177362717,43.868411240131145,0.4749060568371097
2022_06_DAL_PHI,2022,6,9.0,43.0,2.7300830141616443,43.87105647459334,0.5386009999563058
2022_06_JAX_IND,2022,6,7.0,61.0,6.556500434176599,40.63431230047098,0.6361732413123672
2022_06_MIN_MIA,2022,6,-8.0,40.0,1.327464136764869,43.73767205202192,0.5016477605908646
2022_06_NE_CLE,2022,6,-23.0,53.0,0.14488119037467762,44.95819195394983,0.470461120813588
2022_06_NYJ_GB,2022,6,-17.0,37.0,7.4138552166889315,45.88778271798721,0.6568599952102139
2022_06_SF_ATL,2022,6,14.0,42.0,-4.301916278242488,43.00649702109166,0.3571194728886575
2022_06_TB_PIT,2022,6,2.0,38.0,-6.042955687212888,44.480963904687655,0.31610119937340475
2022_06_DEN_LAC,2022,6,3.0,35.0,4.032316798746474,45.19573158892187,0.5725423975152434
2022_07_NO_ARI,2022,7,8.0,76.0,1.0639239091391142,44.61719280559672,0.4946903050470712
2022_07_ATL_CIN,2022,7,18.0,52.0,5.477077996011586,46.40073602225224,0.6094028520777235
2022_07_CLE_BAL,2022,7,3.0,43.0,5.148393476316153,46.57844560710806,0.6011101187035225
2022_07_DET_DAL,2022,7,18.0,30.0,9.039167626172457,45.17358399058728,0.6944422605023877
2022_07_GB_WAS,2022,7,2.0,44.0,-2.561050354566415,41.770482513844414,0.40034019843328444
2022_07_HOU_LV,2022,7,18.0,58.0,4.545510922424063,42.12027988541629,0.5857507548182386
2022_07_IND_TEN,2022,7,9.0,29.0,3.2473587216427497,42.732635765316665,0.5521441500338805
2022_07_KC_SF,2022,7,-21.0,67.0,-1.1351264262312202,47.283691737058575,0.436970597984985
2022_07_NYG_JAX,2022,7,-6.0,40.0,1.53208576460597,39.52898640974286,0.5070494649717849
2022_07_NYJ_DEN,2022,7,-7.0,25.0,1.4675315600811805,39.533922295402526,0.5053454486867075
2022_07_PIT_MIA,2022,7,6.0,26.0,5.671313061848021,42.637862817285935,0.6142741966990658
2022_07_SEA_LAC,2022,7,-14.0,60.0,2.336930206023971,50.73531380004614,0.5282682568787576
2022_07_TB_CAR,2022,7,18.0,24.0,-7.346484963757031,41.23851369694435,0.28712177759979496
2022_07_CHI_NE,2022,7,-19.0,47.0,8.77650511412337,41.29621696139194,0.6885249473662323
2022_08_BAL_TB,2022,8,-5.0,49.0,3.1729635288420264,44.699564986446106,0.5502006360807561
2022_08_ARI_MIN,2022,8,8.0,60.0,5.824783766420969,45.44690650997221,0.6181071164238671
2022_08_CAR_ATL,2022,8,3.0,71.0,4.650619471608383,41.29734619595178,0.5884414924018619
2022_08_CHI_DAL,2022,8,20.0,78.0,7.7808883792673775,39.637011608783155,0.6655423858889091
2022_08_DEN_JAX,2022,8,-4.0,38.0,-1.9438424782396106,36.93103638934208,0.41608428561637667
2022_08_GB_BUF,2022,8,10.0,44.0,10.153093488000216,46.36155437700957,0.7188176255301794
2022_08_LV_NO,2022,8,24.0,24.0,2.50583164051341,47.05790967598183,0.532710771583732
2022_08_MIA_DET,2022,8,-4.0,58.0,-3.1946600785280133,46.9411805943162,0.3843893059554041
2022_08_NE_NYJ,2022,8,-5.0,39.0,-0.3869877085111968,43.20975147821436,0.4564952305668192
2022_08_NYG_SEA,2022,8,14.0,40.0,5.80485462121507,45.764072688813435,0.6176102059726187
2022_08_PIT_PHI,2022,8,22.0,48.0,11.52175926970699,44.15592723607174,0.7470876332904625
2022_08_SF_LA,2022,8,-17.0,45.0,4.501815710377996,42.46901326456454,0.5846306571662561
2022_08_TEN_HOU,2022,8,-7.0,27.0,-3.093815328336879,40.63720086504402,0.3869124265901839
2022_08_WAS_IND,2022,8,-1.0,33.0,5.302962877220559,40.32719254999593,0.6050174579923568
2022_08_CIN_CLE,2022,8,19.0,45.0,-2.658808895181898,46.276024967045416,0.3978644030619292
2022_09_PHI_HOU,2022,9,-12.0,46.0,-8.106752849273693,43.27795364164864,0.2709731630502061
2022_09_BUF_NYJ,2022,9,3.0,37.0,-6.963343490611455,45.07541305744023,0.2954742321898171
2022_09_CAR_CIN,2022,9,21.0,63.0,8.76829489985152,42.52971712171056,0.6883389765688623
2022_09_GB_DET,2022,9,6.0,24.0,-3.218983809062842,47.46321556780585,0.38378165414977855
2022_09_IND_NE,2022,9,23.0,29.0,4.900309074781539,41.33666908787621,0.5948120136537478
2022_09_LAC_ATL,2022,9,-3.0,37.0,-0.5423171146147268,49.54192570988267,0.45242845607489085
2022_09_LA_TB,2022,9,3.0,29.0,3.7115684960002713,42.78240952173849,0.5642330249546813
2022_09_LV_JAX,2022,9,7.0,47.0,-1.2478466491039102,43.54529807383709,0.43404421857053604
2022_09_MIA_CHI,2022,9,-3.0,67.0,-0.44618783001953055,43.75453968282724,0.45494456182878384
2022_09_MIN_WAS,2022,9,-3.0,37.0,-3.1311239128480732,42.55448573748909,0.3859782557846181
2022_09_SEA_ARI,2022,9,-10.0,52.0,-1.5989374892407895,48.91684661262147,0.42495969883187173
2022_09_TEN_KC,2022,9,3.0,37.0,8.630934069915622,47.945134542504135,0.6852186174178881
2022_09_BAL_NO,2022,9,-14.0,40.0,0.8293658307139034,45.32636063407844,0.4884996236347136
2022_10_ATL_CAR,2022,10,10.0,40.0,-2.193291187130191,43.80602583973147,0.4096986364391331
2022_10_ARI_LA,2022,10,-10.0,44.0,3.9056928428447364,43.02218657429701,0.569266668810244
2022_10_CLE_MIA,2022,10,22.0,56.0,3.7623268861688937,48.30344311343493,0.5655505123198443
2022_10_DAL_GB,2022,10,3.0,59.0,-4.65767807176438,42.789991982579544,0.34854112584241775
2022_10_DEN_TEN,2022,10,7.0,27.0,5.758081149284867,35.21056865140283,0.6164429981376374
2022_10_DET_CHI,2022,10,-1.0,61.0,4.1334285027801245,45.80725967758137,0.5751535851634688
2022_10_HOU_NYG,2022,10,8.0,40.0,6.3483724170670115,39.6153977361336,0.6310709980400597
2022_10_IND_LV,2022,10,-5.0,45.0,2.516088492420286,41.15373477643372,0.5329803916744973
2022_10_JAX_KC,2022,10,10.0,44.0,13.031264114051545,51.493889083424946,0.776007169259115
2022_10_LAC_SF,2022,10,6.0,38.0,5.184769823975203,45.60310227612476,0.6020308508607555
2022_10_MIN_BUF,2022,10,-3.0,63.0,6.5569056249624555,44.69477719738292,0.6361831451477259
2022_10_NO_PIT,2022,10,10.0,30.0,-0.46232050945516034,43.67292552453919,0.45452213784679435
2022_10_SEA_TB,2022,10,5.0,37.0,-3.5981397126626176,44.645566451931536,0.3743575732775208
2022_10_WAS_PHI,2022,10,-11.0,53.0,10.911411696285455,43.44596039620644,0.7347163531386859
2022_11_TEN_GB,2022,11,-10.0,44.0,0.3279310370456241,40.285839392000106,0.475279509503081
2022_11_CAR_BAL,2022,11,10.0,16.0,9.727115103036109,42.625754657050464,0.7096365642000467
2022_11_CHI_ATL,2022,11,3.0,51.0,3.3704315952316564,45.797345318631415,0.5553558064534939
2022_11_CIN_PIT,2022,11,-7.0,67.0,-5.256655713743386,44.61506729411643,0.33431968153132346
2022_11_CLE_BUF,2022,11,8.0,54.0,7.539723166598762,46.9254014628385,0.6598496754001513
2022_11_DAL_MIN,2022,11,-37.0,43.0,1.2410793485867446,45.83574244487304,0.49936714322156966
2022_11_DET_NYG,2022,11,-13.0,49.0,3.8794309933356335,45.61227567663945,0.5685865120043105
2022_11_KC_LAC,2022,11,-3.0,57.0,-5.635435762748861,53.094428060214355,0.3254773886891911
2022_11_LA_NO,2022,11,7.0,47.0,2.461886381346882,40.08575003963431,0.5315553758018743
2022_11_LV_DEN,2022,11,-6.0,38.0,1.6546821800371627,39.91139420120093,0.5102851190827903
2022_11_NYJ_NE,2022,11,7.0,13.0,5.157688981311031,40.06696784916599,0.6013454681903305
2022_11_PHI_IND,2022,11,-1.0,33.0,-3.4333838316675003,43.90396070557327,0.3784414208374696
2022_11_WAS_HOU,2022,11,-13.0,33.0,-1.7036374832712924,39.49375384551118,0.42226006768919766
2022_11_SF_ARI,2022,11,-28.0,48.0,-4.757996328293577,45.316448536043644,0.3461395460756199
2022_12_BUF_DET,2022,12,-3.0,53.0,-7.576249960419314,51.25186787382037,0.2821811396240488
2022_12_NE_MIN,2022,12,7.0,59.0,0.9978498260637034,43.1210261315172,0.49294616774848476
2022_12_NYG_DAL,2022,12,8.0,48.0,11.476326001681507,43.59719409636494,0.7461800086792818
2022_12_ATL_WAS,2022,12,6.0,32.0,3.1209261066093714,43.891633204153415,0.5488402857148231
2022_12_BAL_JAX,2022,12,1.0,55.0,-3.4942099773065047,43.81830148729531,0.3769316643411695
2022_12_CHI_NYJ,2022,12,21.0,41.0,3.658417057599763,40.41528998216398,0.5628524510781818
2022_12_CIN_TEN,2022,12,-4.0,36.0,2.74549014337136,44.69030084001345,0.5390053099764147
2022_12_DEN_CAR,2022,12,13.0,33.0,1.651068777880786,36.17435969168601,0.5101897625284064
2022_12_GB_PHI,2022,12,7.0,73.0,7.226235978368899,44.67312833193153,0.6523804340366287
2022_12_HOU_MIA,2022,12,15.0,45.0,12.744253357551564,43.814386383239246,0.7706947879092675
2022_12_LAC_ARI,2022,12,-1.0,49.0,-0.8552840932991148,48.963151144564215,0.4442542817499705
2022_12_LA_KC,2022,12,16.0,36.0,10.224890337238222,48.71189215761435,0.72034753784429
2022_12_LV_SEA,2022,12,-6.0,74.0,7.43279039530166,48.11339877061585,0.6573105561870921
2022_12_NO_SF,2022,12,13.0,13.0,6.000205268467591,42.573792813905875,0.6224702942817902
2022_12_TB_CLE,2022,12,6.0,40.0,-2.5328272809030645,44.85911715431504,0.4010559189863241
2022_12_PIT_IND,2022,12,-7.0,41.0,3.754632045112329,39.26848108234663,0.5653508437075294
2022_13_BUF_NE,2022,13,-14.0,34.0,-3.3017377464915993,45.71799864216829,0.38171703370600085
2022_13_CLE_HOU,2022,13,-13.0,41.0,-3.2292805918397063,44.223117878139334,0.3835245306270818
2022_13_DEN_BAL,2022,13,1.0,19.0,9.117915462850295,39.960343902525636,0.6962039940738804
2022_13_GB_CHI,2022,13,-9.0,47.0,0.4095864263181397,43.107778009911634,0.47743044907843546
2022_13_IND_DAL,2022,13,35.0,73.0,12.97779215485249,41.77851347242586,0.7750241126205568
2022_13_JAX_DET,2022,13,26.0,54.0,3.326290489333979,48.61147521376944,0.5542044367681535
2022_13_KC_CIN,2022,13,3.0,51.0,-2.215848974063001,52.313348885492545,0.40912264301672885
2022_13_LAC_LV,2022,13,7.0,47.0,1.1581710415385538,48.24045775553935,0.4971783308942516
2022_13_MIA_SF,2022,13,16.0,50.0,3.638665874595353,45.20279670483547,0.5623391775696691
2022_13_NYJ_MIN,2022,13,5.0,49.0,4.54489668238487,43.77791989874633,0.5857350152988379
2022_13_PIT_ATL,2022,13,-3.0,35.0,3.1367004952675717,43.76185077777677,0.5492527342308856
2022_13_SEA_LA,2022,13,-4.0,50.0,-2.769304715452334,43.74095976909052,0.3950723132567056
2022_13_TEN_PHI,2022,13,25.0,45.0,5.30532999179416,44.042775368148355,0.6050771931521522
2022_13_WAS_NYG,2022,13,0.0,40.0,0.6137370801824664,41.29505484285445,0.4828116087090064
2022_13_NO_TB,2022,13,1.0,33.0,4.21007647755355,41.48446398516693,0.5771302195378956
2022_14_LV_LA,2022,14,1.0,33.0,-0.564311450719579,42.455360694745565,0.4518531091340061
2022_14_BAL_PIT,2022,14,-2.0,30.0,-2.723067215681038,42.893416165922304,0.3962398550823284
2022_14_CAR_SEA,2022,14,-6.0,54.0,7.2707409190617645,44.90530750561244,0.6534455036613999
2022_14_CLE_CIN,2022,14,13.0,33.0,6.055226621229263,49.67215670350357,0.6238347744059977
2022_14_HOU_DAL,2022,14,4.0,50.0,17.478240949104908,42.67735179987635,0.8471164831435894
2022_14_JAX_TEN,2022,14,-14.0,58.0,6.945916369394215,43.549382136158144,0.6456372256552179
2022_14_KC_DEN,2022,14,-6.0,62.0,-9.429452161358128,44.846455179029505,0.2442770511289409
2022_14_MIA_LAC,2022,14,6.0,40.0,-0.8195333161919023,49.296412541134316,0.44518659203794775
2022_14_MIN_DET,2022,14,11.0,57.0,-0.2332050642873984,48.32046359002817,0.4605272318955546
2022_14_NYJ_BUF,2022,14,8.0,32.0,10.220935429561472,44.189263588903245,0.7202633957373489
2022_14_PHI_NYG,2022,14,-26.0,70.0,-5.840778462979896,47.11166025914996,0.3207347993958512
2022_14_TB_SF,2022,14,28.0,42.0,6.699834259995002,40.039810930233415,0.6396694114620164
2022_14_NE_ARI,2022,14,-14.0,40.0,-1.4844240962638575,43.91051897326846,0.42791749092741954
2022_15_SF_SEA,2022,15,-8.0,34.0,-2.6249178298159794,47.14342207957057,0.3987221304413849
2022_15_BAL_CLE,2022,15,10.0,16.0,-2.4095012833946727,44.823734837555484,0.40418831051611714
2022_15_IND_MIN,2022,15,3.0,75.0,6.970207480304466,43.853671042887285,0.6462239011160661
2022_15_MIA_BUF,2022,15,3.0,61.0,8.238735225020587,47.84203529085359,0.6762173693952409
2022_15_ARI_DEN,2022,15,9.0,39.0,1.0312663440410794,39.653646750099774,0.49382823452561436
2022_15_ATL_NO,2022,15,3.0,39.0,1.8053397165925977,42.167743815951184,0.5142601745572564
2022_15_CIN_TB,2022,15,-11.0,57.0,-2.028299147514141,45.1924397636929,0.41391900604817944
2022_15_DAL_JAX,2022,15,6.0,74.0,-6.940728024484529,47.25444782832825,0.29597163744103755
2022_15_DET_NYJ,2022,15,-3.0,37.0,0.7596679096768333,45.52125128812249,0.4866606832882493
2022_15_KC_HOU,2022,15,-6.0,54.0,-11.965960919675442,46.48061912180403,0.1982552747205873
2022_15_NE_LV,2022,15,6.0,54.0,0.6784965003151162,43.717591827973685,0.48451947996940364
2022_15_NYG_WAS,2022,15,-8.0,32.0,7.023637061952297,41.91933240281009,0.6475127746639053
2022_15_PHI_CHI,2022,15,-5.0,45.0,-6.580654741671132,47.84940233839212,0.30395594428672895
2022_15_PIT_CAR,2022,15,-8.0,40.0,1.1462898027203832,39.7643294677704,0.4968646683543309
2022_15_TEN_LAC,2022,15,3.0,31.0,2.262513083383254,43.88024288925786,0.5263094433681882
2022_15_LA_GB,2022,15,12.0,36.0,5.4497987603190134,41.17637196030415,0.6087169238268075
2022_16_JAX_NYJ,2022,16,-16.0,22.0,3.010485266896602,42.25924422736849,0.5459507712794287
2022_16_ATL_BAL,2022,16,8.0,26.0,5.999522363924292,40.83648438088667,0.6224533466139169
2022_16_BUF_CHI,2022,16,-22.0,48.0,-9.601939821631294,46.47493965113375,0.24093009949394034
2022_16_CIN_NE,2022,16,-4.0,40.0,-2.0007121160516217,43.36585497054248,0.41462591412021815
2022_16_DET_CAR,2022,16,14.0,60.0,-2.0928243861317872,44.82836517028924,0.41226695817875997
2022_16_HOU_TEN,2022,16,-5.0,33.0,8.764032528884307,38.48019467831461,0.6882424050065538
2022_16_LV_PIT,2022,16,3.0,23.0,0.03425079599287528,45.38911063017937,0.4675516258429803
2022_16_NO_CLE,2022,16,-7.0,27.0,2.180024065239531,43.7955647511852,0.5241372165660855
2022_16_NYG_MIN,2022,16,3.0,51.0,6.800656877464932,47.59751928288722,0.6421198373937889
2022_16_PHI_DAL,2022,16,6.0,74.0,2.2319385236483544,49.7662368438317,0.5255044191159272
2022_16_SEA_KC,2022,16,14.0,34.0,6.892530408859967,53.23254787054587,0.6443463166177149
2022_16_WAS_SF,2022,16,17.0,57.0,10.100358825439978,38.11782995023556,0.7176906674753268
2022_16_DEN_LA,2022,16,37.0,65.0,3.665457421911606,34.28206421747982,0.5630353763776402
2022_16_GB_MIA,2022,16,-6.0,46.0,3.7427489151981117,46.006075011689994,0.5650424541686808
2022_16_TB_ARI,2022,16,-3.0,35.0,-0.5137513799247704,44.42350495827016,0.4531758929617995
2022_16_LAC_IND,2022,16,-17.0,23.0,-1.7061784600410754,43.446396530582675,0.4221946070294022
2022_17_DAL_TEN,2022,17,-14.0,40.0,-5.256879999126732,41.64730018314765,0.33431441040681076
2022_17_ARI_ATL,2022,17,1.0,39.0,3.4009110310070043,42.225213847486316,0.55615048129465
2022_17_CAR_TB,2022,17,6.0,54.0,3.1294094943684914,40.868830609483794,0.5490621068525421
2022_17_CHI_DET,2022,17,31.0,51.0,7.109515243943235,48.8310218379694,0.6495799024813477
2022_17_CLE_WAS,2022,17,-14.0,34.0,1.1888813891060703,40.91820027568374,0.4979890881595882
2022_17_DEN_KC,2022,17,3.0,51.0,14.985692392284715,44.5438018651327,0.8098354371865265
2022_17_IND_NYG,2022,17,28.0,48.0,6.355883378131141,41.86979986515988,0.6312556473568787
2022_17_JAX_HOU,2022,17,-28.0,34.0,-3.3840966251864746,42.3305258650996,0.3796665028487569
2022_17_LA_LAC,2022,17,21.0,41.0,3.9625431160123936,41.59525578220991,0.5707381383354869
2022_17_MIA_NE,2022,17,2.0,44.0,1.9934304814908896,43.287568610175704,0.5192203056406341
2022_17_MIN_GB,2022,17,24.0,58.0,0.47870041435728994,45.57020418127332,0.4792516846830372
2022_17_NO_PHI,2022,17,-10.0,30.0,9.160480455658915,46.13954553014371,0.6971538634795938
2022_17_NYJ_SEA,2022,17,17.0,29.0,3.74799289596889,42.29086491696711,0.5651785515385561
2022_17_PIT_BAL,2022,17,-3.0,29.0,5.123233949922646,39.089555038750106,0.6004728797786534
2022_17_SF_LV,2022,17,-3.0,71.0,-4.703180467088411,44.43887810139202,0.3474508538765494
2022_18_KC_LV,2022,18,-18.0,44.0,-5.558932721695197,50.01392591460425,0.3272535515532164
2022_18_TEN_JAX,2022,18,4.0,36.0,5.616265774859461,41.804371601779316,0.6128959067082028
2022_18_ARI_SF,2022,18,25.0,51.0,13.294255260003755,42.66938848085787,0.7807975855430533
2022_18_BAL_CIN,2022,18,11.0,43.0,5.989848875177632,43.359943787936764,0.6222132471441022
2022_18_CAR_NO,2022,18,-3.0,17.0,3.937334086711739,40.634859834061906,0.5700857995447834
2022_18_CLE_PIT,2022,18,14.0,42.0,0.9080649268031005,41.549466172051915,0.4905764265888654
2022_18_DAL_WAS,2022,18,20.0,32.0,-7.1786067740008255,43.86065844590124,0.29076413716497834
2022_18_DET_GB,2022,18,-4.0,36.0,3.0646980010269664,47.2492844772854,0.5473695630573044
2022_18_HOU_IND,2022,18,-1.0,63.0,3.9808569430764944,36.49870984863227,0.5712118947558041
2022_18_LAC_DEN,2022,18,3.0,59.0,-4.550714656830363,39.52937500085753,0.3511102888157922
2022_18_LA_SEA,2022,18,3.0,35.0,4.399082412869377,41.75328986978338,0.5819937291881638
2022_18_MIN_CHI,2022,18,-16.0,42.0,-5.644185811213348,45.25644091221318,0.3252745578071782
2022_18_NE_BUF,2022,18,12.0,58.0,10.51334777959213,41.24582623129098,0.7264426278066313
2022_18_NYG_PHI,2022,18,6.0,38.0,8.718641576584115,46.94285358968861,0.6872129785386235
2022_18_NYJ_MIA,2022,18,5.0,17.0,5.272462479999094,38.61928039579255,0.604247487290298
2022_18_TB_ATL,2022,18,13.0,47.0,0.34834193485915366,43.20123881051516,0.475817083859153
2022_19_LAC_JAX,2022,19,1.0,61.0,2.1670281420493356,45.628832147402065,0.52379490266203
2022_19_SEA_SF,2022,19,18.0,64.0,9.606544355916238,44.08535405446001,0.707005986665921
2022_19_BAL_CIN,2022,19,7.0,41.0,6.544902494695045,42.93811003468133,0.635889710929556
2022_19_MIA_BUF,2022,19,3.0,65.0,10.056014507208896,44.38113331729464,0.7167408962152494
2022_19_NYG_MIN,2022,19,-7.0,55.0,4.817380362001633,47.07310215810714,0.592699616677339
2022_19_DAL_TB,2022,19,-17.0,45.0,-4.600451435396534,46.61552406004256,0.34991457306287044
2022_20_JAX_KC,2022,20,7.0,47.0,9.005082565183748,49.568126390332985,0.6936779436260775
2022_20_NYG_PHI,2022,20,31.0,45.0,8.863352582136507,46.76875972078898,0.6904884123394494
2022_20_CIN_BUF,2022,20,-17.0,37.0,4.188423035019191,47.17949550310504,0.5765720576506084
2022_20_DAL_SF,2022,20,7.0,31.0,4.900308772038266,49.63229470463416,0.5948120059484906
2022_21_CIN_KC,2022,21,3.0,43.0,2.601987011161879,50.06324682919751,0.5352376199546839
2022_21_SF_PHI,2022,21,24.0,38.0,-0.15184026494095315,47.732398133408125,0.46266264742487023
2022_22_KC_PHI,2022,22,-3.0,73.0,-2.883426212548591,48.39464834767094,0.39219577749936474
2023_01_DET_KC,2023,1,-1.0,41.0,6.502507932251729,50.87555740695605,0.7104319574719707
2023_01_ARI_WAS,2023,1,4.0,36.0,4.286664665991703,40.83006936629729,0.6415278042683201
2023_01_CAR_ATL,2023,1,14.0,34.0,2.3701297225808204,42.55175905537783,0.5766738919842178
2023_01_CIN_CLE,2023,1,21.0,27.0,-4.153879615265098,45.09317341033763,0.34984423400687387
2023_01_DAL_NYG,2023,1,-40.0,40.0,-3.553998812666591,48.16637390187283,0.3695108764522912
2023_01_GB_CHI,2023,1,-18.0,58.0,-5.7445171752445106,41.2716949797595,0.3002323800956229
2023_01_HOU_BAL,2023,1,16.0,34.0,7.470377483419699,38.45796816756246,0.7379389549867628
2023_01_JAX_IND,2023,1,-10.0,52.0,-3.2596792265013512,43.528374543930525,0.37932555587921823
2023_01_LA_SEA,2023,1,-17.0,43.0,3.5209665926889033,43.52257018029927,0.6160899983804317
2023_01_LV_DEN,2023,1,-1.0,33.0,0.009417326349435928,41.89128218116036,0.4932571256114083
2023_01_MIA_LAC,2023,1,-2.0,70.0,3.3665137827591134,45.11481667927186,0.6108756896142021
2023_01_PHI_NE,2023,1,-5.0,45.0,-2.7148058281874743,45.43161037424045,0.3977532660598951
2023_01_SF_PIT,2023,1,-23.0,37.0,-3.3196456120824687,43.41065963572708,0.3773175324692171
2023_01_TB_MIN,2023,1,-3.0,37.0,5.751770642633139,48.37721715007727,0.6879593732515943
2023_01_TEN_NO,2023,1,1.0,31.0,4.28792975744336,39.14642509503015,0.6415692248881515
2023_01_BUF_NYJ,2023,1,6.0,38.0,-5.073471252615991,41.84556616471652,0.32067943732628407
2023_02_MIN_PHI,2023,2,6.0,62.0,7.198362007733582,49.072509026509785,0.7303807775306911
2023_02_BAL_CIN,2023,2,-3.0,51.0,4.160861396707463,42.10331274379558,0.6373983910660589
2023_02_CHI_TB,2023,2,10.0,44.0,7.2925286871166675,42.77578929225934,0.7330127806290462
2023_02_GB_ATL,2023,2,1.0,49.0,-0.7890275237311584,44.54766052423351,0.4648948565085763
2023_02_IND_HOU,2023,2,-11.0,51.0,1.6220967000078983,41.49262370389065,0.5504855351682274
2023_02_KC_JAX,2023,2,-8.0,26.0,-2.556275794380677,48.44916120549376,0.40317227020089536
2023_02_LAC_TEN,2023,2,3.0,51.0,-1.0166699352661688,42.872434136017766,0.45684199915425977
2023_02_LV_BUF,2023,2,28.0,48.0,6.3722537230064935,47.049907112458314,0.7066020762338722
2023_02_MIA_NE,2023,2,-7.0,41.0,1.6204324280098161,46.40799700022755,0.5504269005817
2023_02_NYG_ARI,2023,2,-3.0,59.0,1.599863066292587,42.82949447754568,0.5497020985568858
2023_02_NYJ_DAL,2023,2,20.0,40.0,10.448161548779055,41.70067407774718,0.811417426403752
2023_02_SEA_DET,2023,2,-6.0,68.0,3.798355203859253,47.35880917760742,0.6253872421352324
2023_02_SF_LA,2023,2,-7.0,53.0,-4.1584552516179984,44.71053558281938,0.3496960723148102
2023_02_WAS_DEN,2023,2,-2.0,68.0,0.2451705813644769,39.17419430794092,0.5016480734918382
2023_02_CLE_PIT,2023,2,4.0,48.0,-0.2341209640248736,39.980749066255,0.4845931338536523
2023_02_NO_CAR,2023,2,-3.0,37.0,-0.4825889666599785,39.31626201760977,0.4757633350510882
2023_03_NYG_SF,2023,3,18.0,42.0,12.299659239865694,46.387241164933506,0.8484961204041955
2023_03_ATL_DET,2023,3,14.0,26.0,2.48685811087894,47.00720689539626,0.5807257440562866
2023_03_BUF_WAS,2023,3,-34.0,40.0,-2.5033822408711712,44.78226990474542,0.40498566313378426
2023_03_CAR_SEA,2023,3,10.0,64.0,5.086428565448392,44.28022970735049,0.6672710378100241
2023_03_CHI_KC,2023,3,31.0,51.0,14.361006603466482,45.32921093625887,0.882501955996577
2023_03_DAL_ARI,2023,3,12.0,44.0,-9.550116592535975,46.008397230349644,0.1997248307662401
2023_03_DEN_MIA,2023,3,50.0,90.0,7.996612198783399,46.30776585340552,0.7521676036530587
2023_03_HOU_JAX,2023,3,-20.0,54.0,8.645177398265874,43.21653532578415,0.7689774237622783
2023_03_IND_BAL,2023,3,-3.0,41.0,7.610602268873135,41.83693191383863,0.7417814202812394
2023_03_LAC_MIN,2023,3,-4.0,52.0,1.978647029193892,50.02640007574324,0.563012348083671
2023_03_NE_NYJ,2023,3,-5.0,25.0,0.0838740238358926,36.26844919125185,0.49590700769738955
2023_03_NO_GB,2023,3,1.0,35.0,3.7254204659308527,42.62265787166539,0.6229513238258174
2023_03_PIT_LV,2023,3,-5.0,41.0,0.8788624935371301,43.3948762002402,0.5241847179637135
2023_03_TEN_CLE,2023,3,24.0,30.0,3.249049905552789,39.62638997952304,0.6068930020956758
2023_03_LA_CIN,2023,3,3.0,35.0,5.012463996517713,44.20964259011663,0.6649288967195158
2023_03_PHI_TB,2023,3,-14.0,36.0,-4.902257400322805,45.654338796138404,0.326012792675673
2023_04_DET_GB,2023,4,-14.0,54.0,2.7456727114622734,46.704400766570096,0.5896701990969152
2023_04_ARI_SF,2023,4,19.0,51.0,13.042234775604353,44.51746636523087,0.8615923256710387
2023_04_ATL_JAX,2023,4,16.0,30.0,-0.8184966820740271,41.514924653212425,0.46385126200267796
2023_04_BAL_CLE,2023,4,-25.0,31.0,3.397241817160343,40.30966555338018,0.6119151297112496
2023_04_CIN_TEN,2023,4,24.0,30.0,-2.5439956751522406,40.36188881736393,0.4035930456899465
2023_04_DEN_CHI,2023,4,-3.0,59.0,0.2233339333941584,44.19488407140159,0.5008708285166522
2023_04_KC_NYJ,2023,4,-3.0,43.0,-7.539358833355277,40.68278949841195,0.249415373681455
2023_04_LA_IND,2023,4,-6.0,52.0,1.211415012416447,44.438950509151894,0.5359781367740103
2023_04_LV_LAC,2023,4,7.0,41.0,6.149734580107659,49.618370265190336,0.6999913446267958
2023_04_MIA_BUF,2023,4,28.0,68.0,3.1641970667156754,50.75100332104232,0.6040071107615865
2023_04_MIN_CAR,2023,4,-8.0,34.0,-1.3420188506342772,46.894281411540014,0.4453728418773415
2023_04_NE_DAL,2023,4,35.0,41.0,8.735501459383185,44.276726169882494,0.7712540966912197
2023_04_PIT_HOU,2023,4,24.0,36.0,-1.8316377624708187,42.55106242286019,0.42822568942547096
2023_04_TB_NO,2023,4,-17.0,35.0,4.508434039054787,40.312038161514586,0.648756084814589
2023_04_WAS_PHI,2023,4,3.0,65.0,9.726207440230114,44.43215108820414,0.7951834587791985
2023_04_SEA_NYG,2023,4,-21.0,27.0,-2.405509488367617,46.44806340285756,0.4083479287027422
2023_05_CHI_WAS,2023,5,-20.0,60.0,8.491554127301747,43.27055925206568,0.7650689703428217
2023_05_BAL_PIT,2023,5,7.0,27.0,-0.8447909828642497,39.34032554123279,0.46292036599843067
2023_05_CAR_DET,2023,5,18.0,66.0,8.638070226082185,43.92919382941419,0.7687976121162219
2023_05_CIN_ARI,2023,5,-14.0,54.0,-1.5505102883408868,44.035846598510616,0.4380528201027928
2023_05_DAL_SF,2023,5,32.0,52.0,1.972911097461401,47.7133252830631,0.5628114165179368
2023_05_HOU_ATL,2023,5,2.0,40.0,3.360688675262587,40.88289545818632,0.6106785291429407
2023_05_JAX_BUF,2023,5,-5.0,45.0,7.197845008050032,45.16621861020788,0.7303662820502915
2023_05_KC_MIN,2023,5,-7.0,47.0,-4.807754669550635,49.17897498609996,0.32897610027448226
2023_05_NO_NE,2023,5,-34.0,34.0,1.237713344459291,38.434544193656336,0.5369092221378035
2023_05_NYG_MIA,2023,5,15.0,47.0,11.944578269500344,49.21055087216389,0.8418821640783245
2023_05_NYJ_DEN,2023,5,-10.0,52.0,1.7775169019813224,40.56894492448042,0.5559548035759442
2023_05_PHI_LA,2023,5,-9.0,37.0,-3.6651282670146044,47.30254886162997,0.36583243349596356
2023_05_TEN_IND,2023,5,7.0,39.0,1.0171895533114814,41.53251103513879,0.5290942922471489
2023_05_GB_LV,2023,5,4.0,30.0,-2.813666085361911,42.677577122693584,0.39438649951279947
2023_06_DEN_KC,2023,6,11.0,27.0,14.689714546480623,47.612315672929526,0.8872685467775805
2023_06_ARI_LA,2023,6,17.0,35.0,5.235771624490372,43.429254738490684,0.6719748991699078
2023_06_BAL_TEN,2023,6,-8.0,40.0,-3.3792650135657674,37.5862186788371,0.375325293691716
2023_06_CAR_MIA,2023,6,21.0,63.0,10.752149495165646,48.26280372318756,0.8179510740914913
2023_06_DET_TB,2023,6,-14.0,26.0,-1.1337220810586235,46.164540367937036,0.4527097730814668
2023_06_IND_JAX,2023,6,17.0,57.0,4.9387358752676995,45.42805967577451,0.662586132016023
2023_06_MIN_CHI,2023,6,-6.0,32.0,-2.72804531971787,48.60831081883398,0.3973018152097049
2023_06_NE_LV,2023,6,4.0,38.0,3.9473462692318972,39.86151679515241,0.6303435325765585
2023_06_NO_HOU,2023,6,7.0,33.0,-0.790472568181817,40.8710722324655,0.4648436757498719
2023_06_NYG_BUF,2023,6,5.0,23.0,15.263704303201422,45.64985430092996,0.8951875994165955
2023_06_PHI_NYJ,2023,6,6.0,34.0,-7.145543765941093,41.912350365701805,0.2600587594206114
2023_06_SEA_CIN,2023,6,4.0,30.0,0.7152710428774105,43.904754358181926,0.5183724826169737
2023_06_SF_CLE,2023,6,2.0,36.0,-7.451906097243456,42.412732110149385,0.2517535786781406
2023_06_WAS_ATL,2023,6,-8.0,40.0,2.8798641088319528,41.6439549776953,0.5942849165512261
2023_06_DAL_LAC,2023,6,-3.0,37.0,-1.3935685474612662,47.959564116978775,0.443560626853063
2023_07_JAX_NO,2023,7,-7.0,55.0,1.1904332301316913,40.041204106166155,0.5352351021778401
2023_07_ARI_SEA,2023,7,10.0,30.0,8.626949576166645,44.29584082766579,0.7685160630611492
2023_07_ATL_TB,2023,7,-3.0,29.0,4.37686203649539,40.1713316562913,0.6444756520703608
2023_07_BUF_NE,2023,7,4.0,54.0,-10.212663073499307,42.855948501184514,0.18507343090643064
2023_07_CLE_IND,2023,7,-1.0,77.0,-0.8988256845178806,41.88109266254595,0.4610081959847841
2023_07_DET_BAL,2023,7,32.0,44.0,-0.32919412541348736,43.74770413339738,0.481213084945584
2023_07_GB_DEN,2023,7,2.0,36.0,-4.837673024731535,45.05386517544822,0.32803646803230235
2023_07_LAC_KC,2023,7,14.0,48.0,9.111639879919636,47.21473116676714,0.7805644816006736
2023_07_LV_CHI,2023,7,18.0,42.0,-1.920968635506311,44.90400347893929,0.425114463136593
2023_07_MIA_PHI,2023,7,14.0,48.0,1.9790844597996793,52.93835652308931,0.563027670573132
2023_07_PIT_LA,2023,7,-7.0,41.0,2.6232632020992845,40.178135962454384,0.5854468166618273
2023_07_WAS_NYG,2023,7,7.0,21.0,-1.2169829355205453,43.56934759757702,0.4497743903544522
2023_07_SF_MIN,2023,7,5.0,39.0,-6.949348834048911,47.48639180932173,0.26546983319523404
2023_08_TB_BUF,2023,8,6.0,42.0,9.856688644832463,44.29704813513749,0.7981924965896425
2023_08_ATL_TEN,2023,8,5.0,51.0,3.705432201834901,38.75590089491868,0.6222826519002549
2023_08_BAL_ARI,2023,8,-7.0,55.0,-6.581417060751707,41.130710659481046,0.2758092258582173
2023_08_CHI_LAC,2023,8,17.0,43.0,6.265629245354772,46.73852784878051,0.7034450402946891
2023_08_CIN_SF,2023,8,-14.0,48.0,7.396431564266624,44.178033494765096,0.7358978884162112
2023_08_CLE_SEA,2023,8,4.0,44.0,3.7659738748054465,42.24056502621117,0.624306526605173
2023_08_HOU_CAR,2023,8,2.0,28.0,-1.05152847525772,43.491693635093924,0.45561076039617826
2023_08_JAX_PIT,2023,8,-10.0,30.0,-0.2728104139256642,41.420014056886615,0.4832174556968124
2023_08_KC_DEN,2023,8,15.0,33.0,-11.108454410236366,47.68862176459263,0.1666047277520465
2023_08_LA_DAL,2023,8,23.0,63.0,8.454916228822048,45.26717007201933,0.7641300986763595
2023_08_MIN_GB,2023,8,-14.0,34.0,1.464138430856039,44.12438031476077,0.5449144245497718
2023_08_NE_MIA,2023,8,14.0,48.0,10.656892124570131,46.56439055721389,0.8159228360322687
2023_08_NO_IND,2023,8,-11.0,65.0,0.08633358352443565,43.37573670202719,0.4959945471193368
2023_08_NYJ_NYG,2023,8,-3.0,23.0,-1.2445776937985618,37.053340939678414,0.4488022910007794
2023_08_PHI_WAS,2023,8,-7.0,69.0,-7.123326466616292,45.24703365916602,0.26066790928876477
2023_08_LV_DET,2023,8,12.0,40.0,7.680394023806162,45.13664881064204,0.7436801215494334
2023_09_TEN_PIT,2023,9,4.0,36.0,4.000733099357287,39.28630991167375,0.632112877002954
2023_09_ARI_CLE,2023,9,27.0,27.0,8.647399539990612,38.8897609310891,0.7690336239273161
2023_09_BUF_CIN,2023,9,6.0,42.0,-1.842283480889308,45.73864526167164,0.4278546160548778
2023_09_CHI_NO,2023,9,7.0,41.0,7.631270623911445,40.948400106399056,0.7423446621634507
2023_09_DAL_PHI,2023,9,5.0,51.0,2.545597505794952,48.806716612376775,0.5827606198269533
2023_09_IND_CAR,2023,9,-14.0,40.0,0.7217215557609793,46.00497056927542,0.5186017672266281
2023_09_LA_GB,2023,9,17.0,23.0,2.5348675397665863,42.898874250398315,0.582389115867066
2023_09_MIA_KC,2023,9,7.0,35.0,1.252885955102392,48.292917376674,0.5374462876924487
2023_09_MIN_ATL,2023,9,-3.0,59.0,-2.3102140610720996,43.16705807768314,0.41162991911131674
2023_09_NYG_LV,2023,9,24.0,36.0,3.754945872456711,38.804443509480414,0.6239381874880388
2023_09_SEA_BAL,2023,9,34.0,40.0,4.460077844042978,41.38288405066948,0.6471856480637163
2023_09_TB_HOU,2023,9,2.0,76.0,1.908811161453288,42.257149960063586,0.5605645871152773
2023_09_WAS_NE,2023,9,-3.0,37.0,-0.15436360179251674,40.98200348090497,0.487429774640115
2023_09_LAC_NYJ,2023,9,-21.0,33.0,-0.6569693304168682,40.32733574681562,0.469575094604882
2023_10_CAR_CHI,2023,10,3.0,29.0,2.4119610682632104,40.90351160289139,0.5781271489225509
2023_10_ATL_ARI,2023,10,2.0,48.0,-2.6043286354207824,39.46598331017647,0.40152712511299277
2023_10_CLE_BAL,2023,10,-2.0,64.0,7.23566705542379,39.52560120816248,0.7314254266968027
2023_10_DET_LAC,2023,10,-3.0,79.0,-0.3459039944380069,47.79599776971354,0.48061918312497004
2023_10_GB_PIT,2023,10,4.0,42.0,2.0822981251896246,39.886738233634624,0.5666396544070689
2023_10_HOU_CIN,2023,10,-3.0,57.0,6.403733783180173,44.02877118835713,0.7075304002636253
2023_10_IND_NE,2023,10,-4.0,16.0,-3.2492746629151563,42.5687311983155,0.3796743845577351
2023_10_NO_MIN,2023,10,8.0,46.0,3.3583980309415082,40.30413156391711,0.6106009885490464
2023_10_NYG_DAL,2023,10,32.0,66.0,13.269356778351362,41.79244923266046,0.8654035980310604
2023_10_NYJ_LV,2023,10,4.0,28.0,4.0551923963388905,35.220283777859436,0.6339141072050819
2023_10_SF_JAX,2023,10,-31.0,37.0,-0.7913745065265032,47.03139178111008,0.46481173116396235
2023_10_TEN_TB,2023,10,14.0,26.0,2.2555460532764338,41.419778263302064,0.5726864278779014
2023_10_WAS_SEA,2023,10,3.0,55.0,4.117945696963877,43.16812605734519,0.6359850236545855
2023_10_DEN_BUF,2023,10,-2.0,46.0,8.961726728031024,45.55596264269651,0.7768867318929872
2023_11_CIN_BAL,2023,11,14.0,54.0,5.621726776057196,42.35856404382322,0.6839709599510445
2023_11_ARI_HOU,2023,11,5.0,37.0,7.485455497953466,44.28222915440714,0.7383538898278975
2023_11_CHI_DET,2023,11,5.0,57.0,9.955520116528188,46.122475683240346,0.8004495893676215
2023_11_DAL_CAR,2023,11,-23.0,43.0,-8.335738841341016,44.10270792388738,0.22879680203872718
2023_11_LAC_GB,2023,11,3.0,43.0,-0.22679642598495553,44.89573875532694,0.4848535988805117
2023_11_LV_MIA,2023,11,7.0,33.0,8.073782078745285,45.713031999657666,0.7542100439274556
2023_11_MIN_DEN,2023,11,1.0,41.0,-4.270007721048728,45.38585056881554,0.3460929708197064
2023_11_NYG_WAS,2023,11,-12.0,50.0,6.693521617476676,40.44139796259966,0.7159944246882892
2023_11_NYJ_BUF,2023,11,26.0,38.0,9.687153213005246,38.60108798849906,0.7942763748300744
2023_11_PIT_CLE,2023,11,3.0,23.0,4.757598103316303,37.978162705459845,0.656796516272958
2023_11_SEA_LA,2023,11,1.0,33.0,0.747307123762629,40.813991291700574,0.5195111326217069
2023_11_TB_SF,2023,11,13.0,41.0,10.348297471958151,45.22541591495901,0.809232132517566
2023_11_TEN_JAX,2023,11,20.0,48.0,7.542467668318308,40.869966518885114,0.7399189800911009
2023_11_PHI_KC,2023,11,-4.0,38.0,2.0584491738869044,47.13004967804369,0.5658056697365524
2023_12_GB_DET,2023,12,-7.0,51.0,4.995295395109837,46.1189052343378,0.6643840720175236
2023_12_SF_SEA,2023,12,-18.0,44.0,-5.326273388932297,46.13877883973699,0.31288973647352547
2023_12_WAS_DAL,2023,12,35.0,55.0,12.641964079967455,47.62797714047844,0.8546552977490753
2023_12_MIA_NYJ,2023,12,-21.0,47.0,-6.80339549569051,41.407168926401766,0.2695415697192721
2023_12_BAL_LAC,2023,12,-10.0,30.0,-1.9022415054426336,47.179665168387125,0.4257662111855499
2023_12_BUF_PHI,2023,12,3.0,71.0,2.691353666218117,50.534279446831135,0.5877976713343905
2023_12_CAR_TEN,2023,12,7.0,27.0,4.631016621417528,38.510982823724774,0.6527226697176365
2023_12_CLE_DEN,2023,12,17.0,41.0,-2.2435821651688608,42.163345162210646,0.4139294298929027
2023_12_JAX_HOU,2023,12,-3.0,45.0,-0.2606761546768044,45.81472353949849,0.4836488863396041
2023_12_KC_LV,2023,12,-14.0,48.0,-5.282469171990118,40.671856848422806,0.3142321123559367
2023_12_LA_ARI,2023,12,-23.0,51.0,-2.3943916773746015,42.160789996954165,0.4087304131118706
2023_12_NE_NYG,2023,12,3.0,17.0,0.3751856540051326,38.313097597078624,0.5062754850630438
2023_12_NO_ATL,2023,12,9.0,39.0,0.7644133547186498,40.46242055877216,0.5201190526510395
2023_12_PIT_CIN,2023,12,-6.0,26.0,4.792004097158198,39.776714318522195,0.6578998759494997
2023_12_TB_IND,2023,12,7.0,47.0,2.9903475771898735,45.15540582913015,0.5980719171444658
2023_12_CHI_MIN,2023,12,-2.0,22.0,9.022965920195475,42.6766104974532,0.7783943710250727
2023_13_SEA_DAL,2023,13,6.0,76.0,12.946268748981378,45.986947176074054,0.8599549118409116
2023_13_ARI_PIT,2023,13,-14.0,34.0,9.871610746804084,37.67760670313146,0.7985345032214205
2023_13_ATL_NYJ,2023,13,-5.0,21.0,-1.1255881746069676,36.007935650631694,0.45299671583213924
2023_13_CAR_TB,2023,13,3.0,39.0,7.302345971858463,39.58986296345251,0.7332862361510784
2023_13_CLE_LA,2023,13,17.0,55.0,0.9177660199766231,39.868337898751655,0.5255660154243768
2023_13_DEN_HOU,2023,13,5.0,39.0,1.9775384112563477,46.31113184034258,0.5629735144446373
2023_13_DET_NO,2023,13,-5.0,61.0,-0.21869969266222178,45.89489611685561,0.4851415332106881
2023_13_IND_TEN,2023,13,-3.0,59.0,0.04452660839709921,43.04581387995089,0.4945066118736672
2023_13_KC_GB,2023,13,8.0,46.0,-1.7208502088484172,43.85768890482744,0.43209208293718315
2023_13_LAC_NE,2023,13,-6.0,6.0,-3.8440706070414823,41.91237010468239,0.35994225097375815
2023_13_MIA_WAS,2023,13,-30.0,60.0,-7.51656725373141,50.011398235566325,0.25002334766854395
2023_13_SF_PHI,2023,13,-23.0,61.0,0.682787257811797,50.03706699296504,0.5172177251644194
2023_13_CIN_JAX,2023,13,-3.0,65.0,4.408418645968021,42.247521591497026,0.6455044224189727
2023_14_NE_PIT,2023,14,-3.0,39.0,7.808512943366762,36.00993898191102,0.7471417334862767
2023_14_BUF_KC,2023,14,-3.0,37.0,0.848540220375468,47.185508791389054,0.5231078462879711
2023_14_CAR_NO,2023,14,22.0,34.0,9.18487510145565,39.94897594515406,0.7823452110234631
2023_14_DEN_LAC,2023,14,-17.0,31.0,3.845456514749449,44.66807368720823,0.6269570001474891
2023_14_DET_CHI,2023,14,15.0,41.0,-4.94201159025009,46.06989534365678,0.32477035286132266
2023_14_HOU_NYJ,2023,14,24.0,36.0,-3.4979648312000418,39.121279007974394,0.3713714255388634
2023_14_IND_CIN,2023,14,20.0,48.0,2.8213136445890727,46.168995391803534,0.5922734169545776
2023_14_JAX_CLE,2023,14,4.0,58.0,1.4419486912645274,42.12046391286511,0.5441308692854632
2023_14_LA_BAL,2023,14,6.0,68.0,9.405863165470459,44.24134963276695,0.7876552013428143
2023_14_MIN_LV,2023,14,-3.0,3.0,-1.8790479363692132,39.19489468356632,0.4265737592554964
2023_14_PHI_DAL,2023,14,20.0,46.0,6.534625392190513,51.8066915248327,0.7113717470842277
2023_14_SEA_SF,2023,14,12.0,44.0,12.57413975395015,46.50025612461731,0.8534516567405288
2023_14_TB_ATL,2023,14,-4.0,54.0,2.922983404028842,40.33032362455564,0.5957642620950044
2023_14_GB_NYG,2023,14,2.0,46.0,-4.203894886391033,40.726470372327064,0.3482262895957237
2023_14_TEN_MIA,2023,14,-1.0,55.0,11.774439652422753,46.00924574583206,0.838630841435986
2023_15_LAC_LV,2023,15,42.0,84.0,-0.5653859223504174,37.99206451214162,0.4728240722120841
2023_15_DEN_DET,2023,15,25.0,59.0,4.577429339599382,46.11585084867351,0.6509912360075543
2023_15_MIN_CIN,2023,15,3.0,51.0,2.7777658525956497,42.78591695851319,0.59077532202302
2023_15_PIT_IND,2023,15,17.0,43.0,1.916115416542079,41.271577261595304,0.5608207428218385
2023_15_ATL_CAR,2023,15,2.0,16.0,-3.6907264417318695,38.811917781107105,0.364987315739923
2023_15_BAL_JAX,2023,15,-16.0,30.0,-2.87527785301027,47.06288134004284,0.3922932977247584
2023_15_CHI_CLE,2023,15,3.0,37.0,5.9810979662476935,41.208278985334815,0.6949251422134497
2023_15_DAL_BUF,2023,15,21.0,41.0,-2.3480121727414636,49.1864252257745,0.4103271877494479
2023_15_HOU_TEN,2023,15,-3.0,35.0,1.1522274285569252,43.45580525111499,0.5338817083755041
2023_15_KC_NE,2023,15,-10.0,44.0,-6.478274242028827,39.866447397121966,0.2787520200329399
2023_15_NYG_NO,2023,15,18.0,30.0,9.124856093170212,39.22379354216323,0.7808866093875536
2023_15_NYJ_MIA,2023,15,30.0,30.0,12.567155562563613,41.509813345929864,0.8533272444215796
2023_15_SF_ARI,2023,15,-16.0,74.0,-11.851233587153963,46.55051004544957,0.1524339505879415
2023_15_TB_GB,2023,15,-14.0,54.0,4.224275335319371,42.421376878256936,0.6394824924488254
2023_15_WAS_LA,2023,15,8.0,48.0,7.740084745569098,46.29838543692364,0.7452967455124109
2023_15_PHI_SEA,2023,15,3.0,37.0,-3.0792424835718526,47.3556535664044,0.38539236341878347
2023_16_NO_LA,2023,16,8.0,52.0,2.8571319130610116,43.00427834877116,0.5935043243622683
2023_16_BUF_LAC,2023,16,-2.0,46.0,-6.244364805782827,46.548086759863274,0.28549662541003584
2023_16_CIN_PIT,2023,16,23.0,45.0,-1.3036403614329601,41.51490847884222,0.4467229734488351
2023_16_ARI_CHI,2023,16,11.0,43.0,4.814461461815051,40.56418701116072,0.658619137818333
2023_16_CLE_HOU,2023,16,-14.0,58.0,0.4169458063193481,40.93324778612845,0.507761595093769
2023_16_DAL_MIA,2023,16,2.0,42.0,0.8452937677754175,50.5595766897092,0.5229925381675408
2023_16_DET_MIN,2023,16,-6.0,54.0,-0.1136587074042823,45.33629000785744,0.4888778036736791
2023_16_GB_CAR,2023,16,-3.0,63.0,-5.433808098060308,40.39510484812393,0.3096076471743485
2023_16_IND_ATL,2023,16,19.0,39.0,-0.06876797196484041,42.4044575850616,0.49047495461077156
2023_16_JAX_TB,2023,16,18.0,42.0,2.475750850620703,44.90435391510141,0.5803406504008388
2023_16_NE_DEN,2023,16,-3.0,49.0,6.110795738057278,38.5764104056385,0.6988258106348385
2023_16_SEA_TEN,2023,16,-3.0,37.0,1.30961431808498,42.319535234663036,0.5394535243709888
2023_16_WAS_NYJ,2023,16,2.0,58.0,2.9524413816816217,38.48737702501598,0.5967739143831294
2023_16_BAL_SF,2023,16,-14.0,52.0,5.624466645253696,47.80278325667838,0.6840552736411947
2023_16_LV_KC,2023,16,-6.0,34.0,7.9536329352738155,40.08239191723069,0.7510251574538942
2023_16_NYG_PHI,2023,16,8.0,58.0,11.204445655776844,42.43352396690417,0.8273444964635388
2023_17_NYJ_CLE,2023,17,17.0,57.0,9.185421590307245,37.91124231952288,0.782358459721631
2023_17_DET_DAL,2023,17,1.0,39.0,5.706483414265194,50.82535069222414,0.6865735443830613
2023_17_ARI_PHI,2023,17,-4.0,66.0,11.558436283895333,46.02447531303809,0.8344255258992418
2023_17_ATL_CHI,2023,17,20.0,54.0,0.8117594397422518,40.012536083995386,0.5218013183462881
2023_17_CAR_JAX,2023,17,26.0,26.0,8.504860680160714,40.50000103614899,0.7654093183008542
2023_17_CIN_KC,2023,17,8.0,42.0,5.46727424359398,43.4939273053998,0.6791985534235788
2023_17_GB_MIN,2023,17,-23.0,43.0,2.5764899946492505,43.23384525412061,0.5838296855700528
2023_17_LAC_DEN,2023,17,7.0,25.0,2.6572001259884117,43.31766640195567,0.5866189981318907
2023_17_LA_NYG,2023,17,-1.0,51.0,-5.521885221324082,43.125214470186464,0.30693362978086536
2023_17_LV_IND,2023,17,3.0,43.0,2.575491565885387,40.959422780895395,0.5837951462077201
2023_17_MIA_BAL,2023,17,37.0,75.0,2.06334827640185,46.86289017359943,0.5659770192216003
2023_17_NE_BUF,2023,17,6.0,48.0,13.534817952855132,40.181709815214525,0.8697455016542327
2023_17_NO_TB,2023,17,-10.0,36.0,3.1815356695681993,43.07332172084485,0.6045974023719747
2023_17_PIT_SEA,2023,17,-7.0,53.0,2.4649256170356506,41.18778545658949,0.5799652405625952
2023_17_SF_WAS,2023,17,-17.0,37.0,-11.544240381926162,49.72173742727672,0.15816714701498072
2023_17_TEN_HOU,2023,17,23.0,29.0,3.619660696173807,41.03296745350209,0.6194080609824114
2023_18_HOU_IND,2023,18,-4.0,42.0,2.0108050160072577,45.25373308471564,0.5641384681237281
2023_18_PIT_BAL,2023,18,-7.0,27.0,12.714034222324461,43.09181441238199,0.8559252838896231
2023_18_ATL_NO,2023,18,31.0,65.0,6.229292650106108,42.67468605806909,0.7023646746885968
2023_18_BUF_MIA,2023,18,-7.0,35.0,1.1002629957145316,50.53751760689303,0.5320401348563552
2023_18_CHI_GB,2023,18,8.0,26.0,4.636782684708335,44.373200113352226,0.6529087347868028
2023_18_CLE_CIN,2023,18,17.0,45.0,0.029094245745518776,45.11976702110208,0.49395738804606887
2023_18_DAL_WAS,2023,18,-28.0,48.0,-11.591508198153434,47.573385343813875,0.1572731359160821
2023_18_DEN_LV,2023,18,13.0,41.0,3.406814287951358,38.921864376477416,0.6122387311423707
2023_18_JAX_TEN,2023,18,8.0,48.0,-1.2322533304373553,42.06593129843882,0.4492364018634657
2023_18_KC_LAC,2023,18,-1.0,25.0,-5.031498362101874,42.68842786201135,0.3219826457644503
2023_18_LA_SF,2023,18,-1.0,41.0,9.72478709634982,47.92561981001878,0.79515052158673
2023_18_MIN_DET,2023,18,10.0,50.0,6.144145661057492,46.47743339925661,0.699824213187335
2023_18_NYJ_NE,2023,18,-14.0,20.0,2.650938816167207,33.664956949431215,0.5864028058809492
2023_18_PHI_NYG,2023,18,17.0,37.0,-5.924889760643601,46.80378704917319,0.29486489756746365
2023_18_SEA_ARI,2023,18,-1.0,41.0,-1.677781387662876,44.95429342119131,0.43359741225932047
2023_18_TB_CAR,2023,18,-9.0,9.0,-6.6856479823223465,40.20044115470191,0.27285500671202073
2023_19_CLE_HOU,2023,19,31.0,59.0,1.079266410357356,44.02553315959669,0.5312957839287845
2023_19_MIA_KC,2023,19,19.0,33.0,2.402277791768727,42.019883746677024,0.5777908629348592
2023_19_GB_DAL,2023,19,-16.0,80.0,7.7769330328736,49.04831822251767,0.7462913634388524
2023_19_LA_DET,2023,19,1.0,47.0,4.341314834994748,47.95621436118296,0.6433151850374954
2023_19_PHI_TB,2023,19,23.0,41.0,1.6873393329432789,45.68138842845246,0.5527830012457875
2023_19_PIT_BUF,2023,19,14.0,48.0,8.43341359147782,42.348944600770075,0.7635778720682218
2023_20_GB_SF,2023,20,3.0,45.0,8.817962815317678,47.28970119348956,0.7733187646331963
2023_20_HOU_BAL,2023,20,24.0,44.0,9.104279961232939,43.85530347435023,0.7803849457553912
2023_20_KC_BUF,2023,20,-3.0,51.0,3.728133179188336,44.17267903679923,0.6230420368362136
2023_20_TB_DET,2023,20,8.0,54.0,4.547344601954373,46.27421464684905,0.650017429232566
2023_21_DET_SF,2023,21,3.0,65.0,5.321580152670661,49.53684751708828,0.674662151641741
2023_21_KC_BAL,2023,21,-7.0,27.0,6.991482074584941,44.41187944597563,0.7245412354077381
2023_22_SF_KC,2023,22,3.0,47.0,-2.30150249395464,44.686997900364794,0.41193034415568514
2024_01_BAL_KC,2024,1,7.0,47.0,-0.7391045961724512,43.89627388185225,0.4862565963397853
2024_01_GB_PHI,2024,1,5.0,63.0,-2.9787917960367793,49.2996852830354,0.4251090590149134
2024_01_ARI_BUF,2024,1,6.0,62.0,10.103801590598085,45.89675809737591,0.7576913035153107
2024_01_CAR_NO,2024,1,37.0,57.0,11.736121545941131,41.42011268845008,0.7891766638006137
2024_01_DAL_CLE,2024,1,-16.0,50.0,-2.003361182912696,48.562717206639036,0.45157042969961614
2024_01_DEN_SEA,2024,1,6.0,46.0,3.297146461490878,43.90967861595584,0.5962509176168925
2024_01_HOU_IND,2024,1,-2.0,56.0,0.5348505224310371,45.10289413570808,0.5213424011058283
2024_01_JAX_MIA,2024,1,3.0,37.0,4.326426323947887,46.35093208773572,0.623236893634807
2024_01_LA_DET,2024,1,6.0,46.0,3.4569693817135643,49.56951944951925,0.6004841635347826
2024_01_LV_LAC,2024,1,12.0,32.0,-1.1033823654505905,40.21772341526674,0.476233837017784
2024_01_MIN_NYG,2024,1,-22.0,34.0,0.5179056793849803,43.143653329616036,0.5208763393366259
2024_01_NE_CIN,2024,1,-6.0,26.0,8.53598317647105,41.74169762274081,0.724574300722976
2024_01_PIT_ATL,2024,1,-8.0,28.0,0.01949927344899871,41.875539823078896,0.5071550281527526
2024_01_TEN_CHI,2024,1,7.0,41.0,4.469007011339581,41.3039069265804,0.6269196568834052
2024_01_WAS_TB,2024,1,17.0,57.0,9.62845419178377,44.32707476335675,0.7479433008341512
2024_01_NYJ_SF,2024,1,13.0,51.0,10.780022885561555,42.1881502727943,0.7711106657919659
2024_02_BUF_MIA,2024,2,-21.0,41.0,-1.2980815209774756,47.689542162836986,0.4708841988682258
2024_02_CHI_HOU,2024,2,6.0,32.0,3.1100775349820617,44.51520769733479,0.5912777821118538
2024_02_CIN_KC,2024,2,1.0,51.0,6.763206226959749,43.661565480581594,0.6839273888802624
2024_02_CLE_JAX,2024,2,-5.0,31.0,2.8846440483365434,44.00445850795555,0.585259914390814
2024_02_IND_GB,2024,2,6.0,26.0,5.05045371148859,47.76379645941375,0.6417824162158111
2024_02_LAC_CAR,2024,2,-23.0,29.0,-4.134200738153645,38.88908049030676,0.3943226308369842
2024_02_LA_ARI,2024,2,31.0,51.0,-2.5040064439078153,48.03527491020538,0.4379450591527051
2024_02_LV_BAL,2024,2,-3.0,49.0,8.323554281558952,42.56553069178819,0.7198774010351118
2024_02_NO_DAL,2024,2,-25.0,63.0,2.893968781491015,48.92536492825167,0.585509353101244
2024_02_NYG_WAS,2024,2,3.0,39.0,0.38921687677903294,42.28237962541788,0.5173356723842862
2024_02_NYJ_TEN,2024,2,-7.0,41.0,3.6902355229450237,39.611503231517084,0.6066357004831698
2024_02_PIT_DEN,2024,2,-7.0,19.0,-0.6592128567489968,40.26714847730473,0.48845650238352323
2024_02_SEA_NE,2024,2,-3.0,43.0,-1.4878104450689658,40.55164522808316,0.4656775417218336
2024_02_SF_MIN,2024,2,6.0,40.0,-1.7877532163505632,47.24365840315683,0.45746200636877166
2024_02_TB_DET,2024,2,-4.0,36.0,2.6499651838880327,47.826353334727756,0.578968127067498
2024_02_ATL_PHI,2024,2,-1.0,43.0,6.797448139077121,46.83734690401614,0.6847426443795064
2024_03_NE_NYJ,2024,3,21.0,27.0,4.393326199681141,39.68858699081975,0.6249666747664608
2024_03_BAL_DAL,2024,3,-3.0,53.0,0.7694632879357763,49.343660025289864,0.5277911667102949
2024_03_CAR_LV,2024,3,-14.0,58.0,12.175572167361443,36.95982033249607,0.7971221320857698
2024_03_CHI_IND,2024,3,5.0,37.0,0.03162930015032872,39.866486732763626,0.5074891842134066
2024_03_DEN_TB,2024,3,-19.0,33.0,7.293834171167925,40.946321717983494,0.6964316681356164
2024_03_DET_ARI,2024,3,-7.0,33.0,-1.8701913205282819,49.10594547510725,0.4552078548005607
2024_03_GB_TEN,2024,3,-16.0,44.0,-2.779020864819644,42.76175250340099,0.43049867716595136
2024_03_HOU_MIN,2024,3,27.0,41.0,2.487257733350723,42.59678810398753,0.5745906729472814
2024_03_KC_ATL,2024,3,-5.0,39.0,-3.9018364209424568,44.29343143425459,0.400455396822776
2024_03_LAC_PIT,2024,3,10.0,30.0,3.5928265752227753,38.74732191100861,0.6040708869228751
2024_03_MIA_SEA,2024,3,21.0,27.0,2.613686256978603,45.66188109493505,0.57799313434551
2024_03_NYG_CLE,2024,3,-6.0,36.0,6.2584256588028815,40.30572675752053,0.6717796914872677
2024_03_PHI_NO,2024,3,-3.0,27.0,8.761295023359285,50.98965811229832,0.7295023463078398
2024_03_SF_LA,2024,3,3.0,51.0,-3.6736767743596794,48.75751311465557,0.40650770138343323
2024_03_JAX_BUF,2024,3,37.0,57.0,8.464889074228179,44.898941625104285,0.7230078224772312
2024_03_WAS_CIN,2024,3,-5.0,71.0,7.179453632904339,46.28184675400016,0.6937598993960882
2024_04_DAL_NYG,2024,4,-5.0,35.0,-4.324123716197686,45.06772104865228,0.389334522864532
2024_04_BUF_BAL,2024,4,25.0,45.0,-0.5531772918027977,49.54738321290042,0.4913769835263717
2024_04_CIN_CAR,2024,4,-10.0,58.0,-6.3286814099489295,44.84644552766444,0.338263397222901
2024_04_CLE_LV,2024,4,4.0,36.0,3.0951358365915573,41.88565059096585,0.5908797430452176
2024_04_DEN_NYJ,2024,4,-1.0,19.0,2.5841676724320912,39.07418831228898,0.5771993760202138
2024_04_JAX_HOU,2024,4,4.0,44.0,4.2511574950480835,44.1171066093697,0.6212869630431735
2024_04_KC_LAC,2024,4,-7.0,27.0,-2.852734810230538,41.76300865777728,0.42850796069859326
2024_04_LA_CHI,2024,4,6.0,42.0,2.5263324421212476,42.71447478696766,0.575643027076708
2024_04_MIN_GB,2024,4,-2.0,60.0,3.017890894824246,43.77528457356855,0.5888200884440493
2024_04_NE_SF,2024,4,17.0,43.0,10.644279677139439,43.61153032543519,0.7684593705510182
2024_04_NO_ATL,2024,4,2.0,50.0,-6.929223182132574,45.009501574034665,0.32360984833375667
2024_04_PHI_TB,2024,4,17.0,49.0,3.307740372206213,46.238781562624794,0.5965319709899675
2024_04_PIT_IND,2024,4,3.0,51.0,-0.2923742698652312,39.28644780385376,0.4985622342594845
2024_04_WAS_ARI,2024,4,-28.0,56.0,4.4995229192631685,49.0085091307743,0.6277059700217634
2024_04_SEA_DET,2024,4,13.0,71.0,3.751132988396841,45.606599122392154,0.6082361814461892
2024_04_TEN_MIA,2024,4,-19.0,43.0,4.9891253873306525,38.58605942791738,0.6402269832432477
2024_05_TB_ATL,2024,5,6.0,66.0,-2.3437665939479495,44.22481101606962,0.44229691590622083
2024_05_ARI_SF,2024,5,-1.0,47.0,10.600232878233253,47.980735916149925,0.7675944649135888
2024_05_BAL_CIN,2024,5,-3.0,79.0,-2.036436218655736,49.56101520072282,0.4506677986405258
2024_05_BUF_HOU,2024,5,3.0,43.0,-3.989730017557061,48.16032137938457,0.3981318488731254
2024_05_CAR_CHI,2024,5,26.0,46.0,9.431090996087736,39.3318554648202,0.7438203775215485
2024_05_CLE_WAS,2024,5,21.0,47.0,2.162159148813429,47.37999186022497,0.5658098124309068
2024_05_DAL_PIT,2024,5,-3.0,37.0,-0.4246125867838173,44.96588923133897,0.4949187434242208
2024_05_GB_LA,2024,5,-5.0,43.0,-2.381551344390773,48.91842692587158,0.44126991866338927
2024_05_IND_JAX,2024,5,3.0,71.0,-0.8907758017000407,43.36520798668876,0.4820816993192501
2024_05_LV_DEN,2024,5,16.0,52.0,2.406767584011492,37.10473717057042,0.5724208031554671
2024_05_MIA_NE,2024,5,-5.0,25.0,0.7829206304362117,38.3613802736315,0.5281608061369915
2024_05_NYG_SEA,2024,5,-9.0,49.0,5.830269477312685,41.95116863441483,0.6612917841554076
2024_05_NYJ_MIN,2024,5,6.0,40.0,4.738351158537002,40.21065553977965,0.633836334671938
2024_05_NO_KC,2024,5,13.0,39.0,1.9665220400762582,44.64377123541313,0.5605053386620922
2024_06_SF_SEA,2024,6,-12.0,60.0,-2.2007686131968085,48.53207539592463,0.44618802801524304
2024_06_ARI_GB,2024,6,21.0,47.0,7.7230582644717085,47.073772313774256,0.7063391317805771
2024_06_ATL_CAR,2024,6,-18.0,58.0,-5.2332583337830165,43.98623415264314,0.3657923368932402
2024_06_CIN_NYG,2024,6,-10.0,24.0,-0.9154634413822249,45.95103514381534,0.48140236935677866
2024_06_CLE_PHI,2024,6,4.0,36.0,4.958184413257278,43.4553206363538,0.6394411243191989
2024_06_DET_DAL,2024,6,-38.0,56.0,0.5404186607658827,50.91043032256138,0.5214955426630891
2024_06_HOU_NE,2024,6,-20.0,62.0,-2.4144771136853076,39.67508774597518,0.4403753987360306
2024_06_IND_TEN,2024,6,-3.0,37.0,1.059059679117816,44.01494751834035,0.535738258152044
2024_06_JAX_CHI,2024,6,19.0,51.0,3.397500642191297,42.28677511595016,0.5989107256675161
2024_06_LAC_DEN,2024,6,-7.0,39.0,3.3381450506153953,36.19697006690514,0.5973382458778995
2024_06_PIT_LV,2024,6,-19.0,45.0,-0.1655718145665297,40.572223430694436,0.5020561021314245
2024_06_TB_NO,2024,6,-24.0,78.0,3.3640780500563703,47.49130886864503,0.5980255248996265
2024_06_WAS_BAL,2024,6,7.0,53.0,7.820693042369577,51.53384567193743,0.7085662189545617
2024_06_BUF_NYJ,2024,6,-3.0,43.0,-4.805520573619656,43.038947607899246,0.37679657500413777
2024_07_DEN_NO,2024,7,-23.0,43.0,3.7021052365220726,39.98348168842521,0.6069478360386488
2024_07_CAR_WAS,2024,7,33.0,47.0,11.0165271872887,48.796904643646975,0.7756788049856287
2024_07_CIN_CLE,2024,7,-7.0,35.0,-2.241173259588836,45.149580565469904,0.445087889106262
2024_07_DET_MIN,2024,7,-2.0,60.0,1.505967236222373,46.45426765847249,0.5479653318856779
2024_07_HOU_GB,2024,7,2.0,46.0,5.018347560563813,46.53797003764598,0.6409684972165507
2024_07_KC_SF,2024,7,-10.0,46.0,1.0156040200583094,46.91190590957109,0.5345468072497088
2024_07_LV_LA,2024,7,5.0,35.0,3.8506973538404043,44.64246024830249,0.6108478699262243
2024_07_MIA_IND,2024,7,6.0,26.0,3.128761402931202,41.95749168063994,0.5917753422244577
2024_07_NE_JAX,2024,7,16.0,48.0,1.7105036904820072,40.50604397268728,0.5535429474296331
2024_07_NYJ_PIT,2024,7,22.0,52.0,7.452534015733946,39.418047456722135,0.700116787730861
2024_07_PHI_NYG,2024,7,-25.0,31.0,-0.9172217869120489,43.41347853636993,0.48135398754299985
2024_07_SEA_ATL,2024,7,-20.0,48.0,3.15129456077077,48.152430439357566,0.5923751605067151
2024_07_TEN_BUF,2024,7,24.0,44.0,10.133326341480624,43.675131939059334,0.7582882341649996
2024_07_BAL_TB,2024,7,-10.0,72.0,-0.1594313413668056,50.522797334988915,0.5022252921050385
2024_07_LAC_ARI,2024,7,2.0,32.0,-1.123181464212998,41.7363899783031,0.47568955855019956
2024_08_MIN_LA,2024,8,10.0,50.0,-2.1324260376811597,44.0410062698848,0.4480500566190369
2024_08_ARI_MIA,2024,8,-1.0,55.0,2.762591435881536,41.908722194104456,0.5819909932731095
2024_08_ATL_TB,2024,8,-5.0,57.0,6.070572417904831,48.66716814970462,0.6671984463242355
2024_08_BAL_CLE,2024,8,5.0,53.0,-8.013629030412288,45.504993382162624,0.2980189700406381
2024_08_BUF_SEA,2024,8,-21.0,41.0,-3.0379679879674435,49.10916145624565,0.4235158969328367
2024_08_CAR_DEN,2024,8,14.0,42.0,14.758418066457619,39.22022038611518,0.8393058250920054
2024_08_CHI_WAS,2024,8,3.0,33.0,1.104454832319279,45.11220275131863,0.5369824496494873
2024_08_DAL_SF,2024,8,6.0,54.0,3.1258163300128987,48.67281617258652,0.591696926018905
2024_08_GB_JAX,2024,8,-3.0,57.0,-5.278918967747883,48.53446985644381,0.36462564917658535
2024_08_IND_HOU,2024,8,3.0,43.0,2.7569328060139133,43.68377324184729,0.581839261642991
2024_08_KC_LV,2024,8,-7.0,47.0,-5.588083575877164,41.692371201091014,0.3567684662866313
2024_08_NO_LAC,2024,8,18.0,34.0,0.7463372386375229,40.356096679480935,0.5271558812153554
2024_08_NYJ_NE,2024,8,3.0,47.0,-0.5823701864907167,38.887625284089715,0.4905728719865429
2024_08_PHI_CIN,2024,8,-20.0,54.0,2.3587172801859033,48.81679048718239,0.5711241183119299
2024_08_TEN_DET,2024,8,38.0,66.0,12.303927232027979,46.35502246550481,0.7994002932197688
2024_08_NYG_PIT,2024,8,8.0,44.0,10.299385365816287,38.963128389120484,0.761626916395534
2024_09_HOU_NYJ,2024,9,8.0,34.0,-2.8556162007934387,42.5739751526304,0.42843019249192893
2024_09_CHI_ARI,2024,9,20.0,38.0,-2.1121492754259443,43.47507801812044,0.44860279016147964
2024_09_DAL_ATL,2024,9,6.0,48.0,1.576981715932929,48.467794600753294,0.549903302766426
2024_09_DEN_BAL,2024,9,31.0,51.0,6.142970144038207,46.79136284786873,0.6689678410007647
2024_09_DET_GB,2024,9,-10.0,38.0,-1.7699552079459542,49.52286658551689,0.4579488992610437
2024_09_IND_MIN,2024,9,8.0,34.0,5.653954782826115,43.022539697323516,0.6569256432575852
2024_09_JAX_PHI,2024,9,5.0,51.0,6.639647749446709,46.950236056239014,0.6809762301373943
2024_09_LAC_CLE,2024,9,-17.0,37.0,0.161750648216213,40.31080250236697,0.5110732648355741
2024_09_LA_SEA,2024,9,-6.0,46.0,0.38819779099029805,46.949498246308096,0.5173076264470625
2024_09_LV_CIN,2024,9,17.0,65.0,5.987111779167625,45.70607622073673,0.6651528110502299
2024_09_MIA_BUF,2024,9,3.0,57.0,10.892652019443082,44.66240850630622,0.7732942455804944
2024_09_NE_TEN,2024,9,3.0,37.0,3.182647255650351,38.9567905352571,0.5932092911109283
2024_09_NO_CAR,2024,9,1.0,45.0,-6.488325799417545,40.74101365707307,0.33433614101279835
2024_09_WAS_NYG,2024,9,-5.0,49.0,-4.4404110445497444,44.93984060622892,0.386291691171949
2024_09_TB_KC,2024,9,6.0,54.0,6.03167284292288,47.33869916894949,0.6662457889602599
2024_10_CIN_BAL,2024,10,1.0,69.0,7.092757422106699,53.5925573962642,0.6917260742949987
2024_10_ATL_NO,2024,10,3.0,37.0,0.2987953375546619,48.95296815732951,0.5148468052968405
2024_10_BUF_IND,2024,10,-10.0,50.0,-5.4483373766444565,46.66048134143444,0.3603107640950272
2024_10_DEN_KC,2024,10,2.0,30.0,8.889061441818653,42.249410100017734,0.7322720876374607
2024_10_DET_HOU,2024,10,-3.0,49.0,-4.831480439532266,47.959316112855255,0.3761249503943291
2024_10_MIN_JAX,2024,10,-5.0,19.0,-2.270170537102841,45.9770704978064,0.4442986813139486
2024_10_NE_CHI,2024,10,-16.0,22.0,9.554540328862197,38.67257285063676,0.7464044049071928
2024_10_NYG_CAR,2024,10,3.0,37.0,-5.7697056927043295,38.56313436747219,0.3521880452438691
2024_10_NYJ_ARI,2024,10,25.0,37.0,3.650965376293036,44.6870836439025,0.6056024015530779
2024_10_PHI_DAL,2024,10,-28.0,40.0,-1.4107428089332812,47.44640038246878,0.467791641681851
2024_10_PIT_WAS,2024,10,-1.0,55.0,-0.3277723669633579,46.98898728283551,0.4975868986385987
2024_10_SF_TB,2024,10,-3.0,43.0,-0.5634897570483641,51.38676478434906,0.4910929237422365
2024_10_TEN_LAC,2024,10,10.0,44.0,7.983105520788788,39.989853430104766,0.7122487849571404
2024_10_MIA_LA,2024,10,-8.0,38.0,5.758354452445045,44.445390899878625,0.6595141903824329
2024_11_WAS_PHI,2024,11,8.0,44.0,4.691518857368938,48.37690011838405,0.6326375594163716
2024_11_ATL_DEN,2024,11,32.0,44.0,2.515577304028019,43.19683306849747,0.5753534393091011
2024_11_BAL_PIT,2024,11,2.0,34.0,-0.6249365119746342,50.70674373786022,0.4894004809384496
2024_11_CIN_LAC,2024,11,7.0,61.0,1.2505099199579515,45.18492525975724,0.5409823312113763
2024_11_CLE_NO,2024,11,21.0,49.0,3.816551017079308,44.95852172924021,0.6099528802350944
2024_11_GB_CHI,2024,11,-1.0,39.0,-2.8038636651032225,43.03288875411606,0.42982751891057785
2024_11_IND_NYJ,2024,11,-1.0,55.0,0.22508366879879427,40.64345534965428,0.512817329401217
2024_11_JAX_DET,2024,11,46.0,58.0,14.094425756324998,46.65113676266299,0.8291889684003575
2024_11_KC_BUF,2024,11,9.0,51.0,3.467533943736737,47.712913783647224,0.6007634673925716
2024_11_LA_NE,2024,11,-6.0,50.0,-1.8778926444969835,41.609267166340075,0.45499736542532226
2024_11_LV_MIA,2024,11,15.0,53.0,3.4215269746603734,42.163163260797724,0.5995466674656098
2024_11_MIN_TEN,2024,11,-10.0,36.0,-5.18975521410561,41.39033351876669,0.3669053645311467
2024_11_SEA_SF,2024,11,-3.0,37.0,5.5338755958192385,47.93849472908005,0.6539367562653741
2024_11_HOU_DAL,2024,11,-24.0,44.0,-1.333437766756984,43.37136412803922,0.46991341643125945
2024_12_PIT_CLE,2024,12,5.0,43.0,-6.067698927373213,42.22262418659891,0.3447316551119262
2024_12_ARI_SEA,2024,12,10.0,22.0,0.19557526501664468,47.70400817310564,0.5120047632968463
2024_12_DAL_WAS,2024,12,-8.0,60.0,8.036034602785081,48.00952744262519,0.7134428977626825
2024_12_DEN_LV,2024,12,-10.0,48.0,-3.1461591676303073,42.00635291640551,0.4206072661115805
2024_12_DET_IND,2024,12,-18.0,30.0,-9.029030500699175,45.768574287165215,0.2751473301028626
2024_12_KC_CAR,2024,12,-3.0,57.0,-10.173732547758254,42.833246917510145,0.2507107763359148
2024_12_MIN_CHI,2024,12,-3.0,57.0,-1.4389996421041307,40.183586922665164,0.46701636903195254
2024_12_NE_MIA,2024,12,19.0,49.0,5.670368606678789,41.76739684720565,0.6573332408300006
2024_12_PHI_LA,2024,12,-17.0,57.0,-3.104090064803789,45.46214310504268,0.4217376160795693
2024_12_SF_GB,2024,12,28.0,48.0,2.8063908873259824,47.995090951919394,0.5831649135673804
2024_12_TB_NYG,2024,12,-23.0,37.0,-3.9513309382364805,44.760329299966266,0.399146405890902
2024_12_TEN_HOU,2024,12,-5.0,59.0,9.995654970985436,42.142115177326716,0.7554962463672745
2024_12_BAL_LAC,2024,12,-7.0,53.0,-1.477461790743595,48.357039098422746,0.4659613534226114
2024_13_CHI_DET,2024,13,3.0,43.0,14.416650296974904,44.717348470674,0.8341603358317442
2024_13_MIA_GB,2024,13,13.0,47.0,7.7114211270743915,45.009709932484526,0.7060730218159629
2024_13_NYG_DAL,2024,13,7.0,47.0,5.331789484798667,41.48754005577062,0.6488791850954352
2024_13_LV_KC,2024,13,2.0,36.0,12.635489791357687,44.036840759864546,0.8051962773860089
2024_13_ARI_MIN,2024,13,1.0,45.0,4.943230541658297,44.08727592493588,0.6390610479553696
2024_13_HOU_JAX,2024,13,-3.0,43.0,-3.427177635481161,42.374668955877134,0.4130784936644338
2024_13_IND_NE,2024,13,-1.0,49.0,-0.24309945031400648,40.86148482522751,0.4999199364622148
2024_13_LAC_ATL,2024,13,-4.0,30.0,0.3205010403130608,44.13112037986206,0.5154443300152151
2024_13_LA_NO,2024,13,-7.0,35.0,4.2086292642935605,47.35524639951777,0.6201834773095779
2024_13_PHI_BAL,2024,13,-5.0,43.0,1.832859270680917,50.926924122758294,0.5568731870517479
2024_13_PIT_CIN,2024,13,-6.0,82.0,0.5761151301371858,48.09265679666539,0.5224772121768836
2024_13_SEA_NYJ,2024,13,-5.0,47.0,-0.6652446382581076,42.18201403729806,0.4882903940368719
2024_13_SF_BUF,2024,13,25.0,45.0,9.539066298326047,47.752974801062706,0.7460814495249551
2024_13_TB_CAR,2024,13,-3.0,49.0,-7.983331093809442,46.02878599996523,0.2987180320349389
2024_13_TEN_WAS,2024,13,23.0,61.0,7.8704207975091816,45.737672416386026,0.7096966984348614
2024_13_CLE_DEN,2024,13,9.0,73.0,7.565178685250725,40.96934779107212,0.7027168922668936
2024_14_GB_DET,2024,14,3.0,65.0,6.277800054292268,49.1727650102674,0.672250345515773
2024_14_ATL_MIN,2024,14,21.0,63.0,7.995558783997126,44.285177432438246,0.7125300049683472
2024_14_BUF_LA,2024,14,2.0,86.0,-6.5474103936622825,47.543399524527295,0.3328884245914992
2024_14_CAR_PHI,2024,14,6.0,38.0,15.658218436631003,43.33560313544609,0.8522355662749584
2024_14_CHI_SF,2024,14,25.0,51.0,3.8513505000297465,41.81329993173898,0.6108649819015869
2024_14_CLE_PIT,2024,14,13.0,41.0,11.187114683938754,45.635472565167575,0.7789332898441865
2024_14_JAX_TEN,2024,14,-4.0,16.0,2.7246347749322246,41.63572689269032,0.5809729200904761
2024_14_LAC_KC,2024,14,2.0,36.0,7.093277538133007,42.80605317625093,0.6917382981204799
2024_14_LV_TB,2024,14,15.0,41.0,8.47118530154799,46.96121579328496,0.7231467743542679
2024_14_NO_NYG,2024,14,-3.0,25.0,-3.1847497396832005,41.98454155711669,0.41957111167888506
2024_14_NYJ_MIA,2024,14,6.0,58.0,5.988552369971034,43.83902845649984,0.6651881731525194
2024_14_SEA_ARI,2024,14,-12.0,48.0,0.9292595240975801,44.378916410358336,0.5321782893241321
2024_14_CIN_DAL,2024,14,-7.0,47.0,0.09011297559980624,49.42308787713813,0.5091001840345426
2024_15_LA_SF,2024,15,-6.0,18.0,3.0819084207116174,46.584091240470165,0.5905272721200099
2024_15_BAL_NYG,2024,15,-21.0,49.0,-9.64766828870516,45.375786843568896,0.2617592332611591
2024_15_BUF_DET,2024,15,-6.0,90.0,4.6338394442515725,52.85774208058719,0.6311588726671173
2024_15_CIN_TEN,2024,15,-10.0,64.0,-4.550223202672848,46.951803753060474,0.3834264183927591
2024_15_DAL_CAR,2024,15,-16.0,44.0,-2.6913322746742767,43.667580851793836,0.43286971681724806
2024_15_GB_SEA,2024,15,-17.0,43.0,-1.3531986774044462,46.59071462778386,0.46937093644352285
2024_15_IND_DEN,2024,15,18.0,44.0,7.043201146835303,41.88457653493109,0.6905601663114465
2024_15_KC_CLE,2024,15,-14.0,28.0,-7.718098635775586,44.93322583799465,0.304877643886772
2024_15_MIA_HOU,2024,15,8.0,32.0,5.904181645007311,44.763796735220936,0.6631140128632518
2024_15_NE_ARI,2024,15,13.0,47.0,5.508231008630666,42.429911971565865,0.6532968499695125
2024_15_NYJ_JAX,2024,15,-7.0,57.0,0.9997184769031349,42.25338617043936,0.5341111642704269
2024_15_PIT_PHI,2024,15,14.0,40.0,4.467644379689936,44.5350872573622,0.626884529828226
2024_15_TB_LAC,2024,15,-23.0,57.0,0.7791044249054462,44.69186148702497,0.5280559876670031
2024_15_WAS_NO,2024,15,-1.0,39.0,-0.971981237918345,50.27723622698987,0.47984743163520355
2024_15_ATL_LV,2024,15,-6.0,24.0,-0.35588347683816934,46.254167062771934,0.49681235653638406
2024_15_CHI_MIN,2024,15,18.0,42.0,10.23597661783964,42.27786514509392,0.760355808438597
2024_16_DEN_LAC,2024,16,7.0,61.0,-0.14094557267266739,41.597559131600505,0.5027346318192877
2024_16_HOU_KC,2024,16,8.0,46.0,6.196598252226442,43.287197222740375,0.6702754378456679
2024_16_PIT_BAL,2024,16,17.0,51.0,4.405979024103347,49.299399709287314,0.6252934726179873
2024_16_ARI_CAR,2024,16,6.0,66.0,-5.773996612740529,43.465412228685665,0.35208015445649793
2024_16_CLE_CIN,2024,16,18.0,30.0,10.127148264643681,49.28543897461007,0.7581634088924001
2024_16_DET_CHI,2024,16,-17.0,51.0,-10.78395698804956,49.239284033052925,0.23828936988091148
2024_16_JAX_LV,2024,16,5.0,33.0,0.8854199497976796,41.879504789626,0.5309751628687284
2024_16_LA_NYJ,2024,16,-10.0,28.0,-1.499176003601117,45.07101425851959,0.4653658670467705
2024_16_MIN_SEA,2024,16,-3.0,51.0,-2.160212918601913,44.932972215298875,0.44729281000697235
2024_16_NE_BUF,2024,16,3.0,45.0,16.576398813754597,47.94907042456211,0.8645305970919461
2024_16_NYG_ATL,2024,16,27.0,41.0,5.655368735740032,41.08228573361956,0.6569607644730378
2024_16_PHI_WAS,2024,16,3.0,69.0,-1.9048117107621914,48.51379034693954,0.45426175154839393
2024_16_SF_MIA,2024,16,12.0,46.0,0.6048253562239787,46.05699486968783,0.52326663114212
2024_16_TB_DAL,2024,16,2.0,50.0,-4.244004934053869,47.40690989192877,0.3914359926033314
2024_16_TEN_IND,2024,16,8.0,68.0,6.057324504561196,40.642433728192245,0.6668741555834455
2024_16_NO_GB,2024,16,34.0,34.0,7.4095015804769115,42.91751685743777,0.6991200729789413
2024_17_BAL_HOU,2024,17,-29.0,33.0,-3.2306629011223396,49.30066411221087,0.4183392700169374
2024_17_KC_PIT,2024,17,-19.0,39.0,-1.27000796029161,45.8121972959332,0.47165517665742335
2024_17_SEA_CHI,2024,17,-3.0,9.0,-2.860990646594725,43.04888303575712,0.42828514662730205
2024_17_ARI_LA,2024,17,4.0,22.0,4.332295721988143,46.23158442252522,0.623388780839109
2024_17_DEN_CIN,2024,17,6.0,54.0,1.6900185508521888,49.4771261841084,0.5529849104280854
2024_17_LAC_NE,2024,17,-33.0,47.0,-3.991631833126777,41.66500342779793,0.39808162292476434
2024_17_ATL_WAS,2024,17,6.0,54.0,6.332168399636046,49.077504208933554,0.673569242280493
2024_17_CAR_TB,2024,17,34.0,62.0,12.901388841321564,47.54650167416651,0.8097520141596057
2024_17_DAL_PHI,2024,17,34.0,48.0,8.962101660540654,43.46873201081039,0.7338473587187904
2024_17_GB_MIN,2024,17,2.0,52.0,1.7834614391364756,47.00892823922787,0.5555292888190454
2024_17_IND_NYG,2024,17,12.0,78.0,-3.3412052321549868,38.409926406070404,0.41537764206160616
2024_17_LV_NO,2024,17,-15.0,35.0,5.235717386452699,39.58552602918087,0.6464629480384474
2024_17_MIA_CLE,2024,17,-17.0,23.0,-2.7634517546821775,40.169546004044975,0.43091942586224763
2024_17_NYJ_BUF,2024,17,26.0,54.0,14.073953351759188,48.16236487072323,0.8288691514026691
2024_17_TEN_JAX,2024,17,7.0,33.0,2.398316186487725,43.54521738488237,0.5721928054319838
2024_17_DET_SF,2024,17,-6.0,74.0,-7.813587028941299,49.634527723095204,0.3026518587252882
2024_18_CIN_PIT,2024,18,-2.0,36.0,1.0217822127414762,49.276768746735,0.5347162229706311
2024_18_CLE_BAL,2024,18,25.0,45.0,16.788363715518948,45.25664126097061,0.8672434351843432
2024_18_BUF_NE,2024,18,7.0,39.0,-13.241101929216704,48.52227799184474,0.192647977946673
2024_18_CAR_ATL,2024,18,-6.0,82.0,9.093815621057598,44.98511500583286,0.7366730821151414
2024_18_CHI_GB,2024,18,-2.0,46.0,13.278876828510962,43.27360732188035,0.8160789446132252
2024_18_HOU_TEN,2024,18,-9.0,37.0,-4.235406217027155,42.21623920290147,0.39166177291519644
2024_18_JAX_IND,2024,18,3.0,49.0,4.339152966973849,44.283642290743295,0.6235662006538465
2024_18_KC_DEN,2024,18,38.0,38.0,-2.2714890077057244,45.807744839983066,0.4442628036526665
2024_18_LAC_LV,2024,18,-14.0,54.0,-4.630857705815773,41.907912279584586,0.3813275942819493
2024_18_MIA_NYJ,2024,18,12.0,52.0,-2.0328782085847865,42.06431481458546,0.45076488269234494
2024_18_MIN_DET,2024,18,22.0,40.0,5.409543873690225,52.54327479677598,0.6508291629265824
2024_18_NO_TB,2024,18,8.0,46.0,10.573467002163378,45.03123043041114,0.7670677893639354
2024_18_NYG_PHI,2024,18,7.0,33.0,17.10843371535801,40.98767861140568,0.871252546316066
2024_18_SEA_LA,2024,18,-5.0,55.0,2.6496567573636645,41.70551193698772,0.5789598407178561
2024_18_SF_ARI,2024,18,23.0,71.0,1.558983547798419,46.62057197540945,0.5494122772638714
2024_18_WAS_DAL,2024,18,-4.0,42.0,-4.075494529351756,47.08273556655256,0.3958690006524071
2024_19_LAC_HOU,2024,19,20.0,44.0,-0.4386844135374899,41.24759443492944,0.4945310549742141
2024_19_PIT_BAL,2024,19,14.0,42.0,9.54444140175904,47.80254294370556,0.7461936629751948
2024_19_DEN_BUF,2024,19,24.0,38.0,6.18636964743898,49.09765250612247,0.6700262395478063
2024_19_GB_PHI,2024,19,12.0,32.0,4.6462905946449915,43.857830953166555,0.6314782837789271
2024_19_WAS_TB,2024,19,-3.0,43.0,2.404627865292656,51.151203773473085,0.5723630817607986
2024_19_MIN_LA,2024,19,18.0,36.0,-4.354397289984455,44.11372818144671,0.38854152872137543
2024_20_HOU_KC,2024,20,9.0,37.0,7.090285480384216,39.83178467842073,0.6916679747689979
2024_20_WAS_DET,2024,20,-14.0,76.0,8.506593658147901,53.96298619993309,0.7239274020660353
2024_20_BAL_BUF,2024,20,2.0,52.0,-0.08654081606118913,53.80069229724779,0.5042336130866749
2024_20_LA_PHI,2024,20,6.0,50.0,7.66629910530051,43.9591109785827,0.7050398732765377
2024_21_BUF_KC,2024,21,3.0,61.0,-0.11527071878799822,48.851502871432146,0.5034420432718321
2024_21_WAS_PHI,2024,21,32.0,78.0,5.052051362533097,48.15859711463933,0.6418228967781714
2024_22_KC_PHI,2024,22,18.0,62.0,4.561168923899531,46.707503944440646,0.6292923589584491
2025_01_DAL_PHI,2025,1,4.0,44.0,13.596714423083446,47.34825133548789,0.8807713521369563
2025_01_KC_LAC,2025,1,6.0,48.0,-1.8830664980177771,44.15290475819451,0.39255187962526
2025_01_ARI_NO,2025,1,-7.0,33.0,-2.055360890677442,42.894275779656965,0.3861048047818465
2025_01_BAL_BUF,2025,1,1.0,81.0,0.19679888067578277,52.18876513427203,0.472714794959352
2025_01_CAR_JAX,2025,1,16.0,36.0,3.47774925692242,45.564640388965074,0.6004012785097064
2025_01_CIN_CLE,2025,1,-1.0,33.0,-7.825935941115953,43.040133107878106,0.20230617419263128
2025_01_DET_GB,2025,1,14.0,40.0,-1.7973082228694044,50.76698420395833,0.3957750362258617
2025_01_HOU_LA,2025,1,5.0,23.0,2.837181217487569,43.1344847157244,0.5759864631235291
2025_01_LV_NE,2025,1,-7.0,33.0,0.700843693816781,43.63983327064514,0.4925210445550332
2025_01_MIA_IND,2025,1,25.0,41.0,1.341483660285477,45.13468461539998,0.5177205429033728
2025_01_NYG_WAS,2025,1,15.0,27.0,9.866587260964382,46.133135527828685,0.8041871424580306
2025_01_PIT_NYJ,2025,1,-2.0,66.0,0.04344694223744083,43.425143206828324,0.46670302319097123
2025_01_SF_SEA,2025,1,-4.0,30.0,3.877801241844116,44.34766851354537,0.6154077358593122
2025_01_TB_ATL,2025,1,-3.0,43.0,-2.7907501761185434,50.323728220472134,0.35905735530456534
2025_01_TEN_DEN,2025,1,8.0,32.0,10.044016964136878,44.016633245922634,0.8085472631669373
2025_01_MIN_CHI,2025,1,-3.0,51.0,-3.8240000421011193,43.082363147886355,0.3225493879314359
2025_02_WAS_GB,2025,2,9.0,45.0,3.188157687159939,47.6615833673183,0.589417709901032
2025_02_ATL_MIN,2025,2,-16.0,28.0,4.265036371777466,45.26109532962438,0.6297275104739177
2025_02_BUF_NYJ,2025,2,-20.0,40.0,-7.0587807302182295,50.314650494394876,0.22249239520809178
2025_02_CAR_ARI,2025,2,5.0,49.0,8.215085485830857,46.40983779115021,0.7600117221292776
2025_02_CHI_DET,2025,2,31.0,73.0,11.708381224763944,48.13011359574757,0.8458676707115136
2025_02_CLE_BAL,2025,2,24.0,58.0,13.959248695296925,47.71861034679051,0.8866343312251459
2025_02_DEN_IND,2025,2,1.0,57.0,0.3159048520367922,45.926141283115136,0.4773895967335858
2025_02_JAX_CIN,2025,2,4.0,58.0,6.840708808119066,48.27507751805905,0.7183782715130491
2025_02_LA_TEN,2025,2,-14.0,52.0,-5.136446467334411,41.74934397540443,0.2791573020390774
2025_02_NE_MIA,2025,2,-6.0,60.0,6.312612456935135,43.00065348406539,0.701262020822512
2025_02_NYG_DAL,2025,2,3.0,77.0,6.280216128979598,42.782701734254935,0.7001927519596168
2025_02_PHI_KC,2025,2,-3.0,37.0,-4.636948805879296,46.978981492598614,0.2952480832960314
2025_02_SEA_PIT,2025,2,-14.0,48.0,2.3663831571163767,43.114745500889796,0.5577955496836654
2025_02_SF_NO,2025,2,-5.0,47.0,-2.0044537915202354,42.776270471039005,0.38800565273179993
2025_02_LAC_LV,2025,2,-11.0,29.0,-3.6378685457490127,44.864610501164435,0.3289836903016921
2025_02_TB_HOU,2025,2,-1.0,39.0,-2.524623804306603,44.90918226560764,0.36875249100521235
2025_03_MIA_BUF,2025,3,10.0,52.0,10.421231933685057,50.7862513443392,0.8175696722705706
2025_03_ARI_SF,2025,3,1.0,31.0,1.3097744199981416,45.08334053730923,0.5164743280552235
2025_03_ATL_CAR,2025,3,30.0,30.0,-3.883851888176617,47.316371902963766,0.32049445210779
2025_03_CIN_MIN,2025,3,38.0,58.0,-1.641460537489321,42.852727335396544,0.4016555152223239
2025_03_DAL_CHI,2025,3,17.0,45.0,-0.4292410367642283,46.02139836769986,0.4482407374054437
2025_03_DEN_LAC,2025,3,3.0,43.0,2.7469639636538217,45.919731563023944,0.5725149521129563
2025_03_GB_CLE,2025,3,3.0,23.0,-9.603484388670127,43.410865820457616,0.1608779957255481
2025_03_HOU_JAX,2025,3,7.0,27.0,0.320989498222747,41.251882986800176,0.47758925853694356
2025_03_IND_TEN,2025,3,-21.0,61.0,-4.530816036070638,44.26500647659696,0.2987356783865867
2025_03_KC_NYG,2025,3,-13.0,31.0,-4.5105829198107354,44.78105429190936,0.2994032303850372
2025_03_LA_PHI,2025,3,7.0,59.0,7.443973459890163,46.946728518613334,0.7371831440130083
2025_03_LV_WAS,2025,3,17.0,65.0,8.2969510401278,44.85068701220147,0.7623539460696175
2025_03_NO_SEA,2025,3,31.0,57.0,8.22176894653206,40.7220321985401,0.7602035308403082
2025_03_NYJ_TB,2025,3,2.0,56.0,10.13685197544052,47.9180401750608,0.8107988722719338
2025_03_PIT_NE,2025,3,-7.0,35.0,-1.4746753177301302,44.82635601951531,0.4079801523081882
2025_03_DET_BAL,2025,3,-8.0,68.0,1.154258241623902,55.22239106155611,0.5103596621255113
2025_04_SEA_ARI,2025,4,-3.0,43.0,0.2718238648367741,42.77413792061699,0.4756589522405667
2025_04_BAL_KC,2025,4,17.0,57.0,-1.4473997319277765,49.371726600489296,0.4090174316545653
2025_04_CAR_NE,2025,4,29.0,55.0,1.977546034244437,44.86708354641602,0.5426514268693428
2025_04_CHI_LV,2025,4,-1.0,49.0,0.9843838513222907,43.44982001995034,0.5036769725638189
2025_04_CLE_DET,2025,4,24.0,44.0,15.051779009908396,49.71635224934496,0.9028031918891466
2025_04_GB_DAL,2025,4,0.0,80.0,-4.81709710106742,46.27178709560628,0.28938284005701836
2025_04_IND_LA,2025,4,7.0,47.0,2.422230571129517,47.660731030494986,0.5599625215450499
2025_04_JAX_SF,2025,4,-5.0,47.0,2.9004863457072547,42.880900639568985,0.5784179618042702
2025_04_LAC_NYG,2025,4,3.0,39.0,-6.331330924294086,43.86025139607356,0.24292535652556638
2025_04_MIN_PIT,2025,4,3.0,45.0,-3.1939519115858226,42.00725461185178,0.34458733149976295
2025_04_NO_BUF,2025,4,12.0,50.0,15.985623607113011,48.783816962378964,0.914958857173537
2025_04_PHI_TB,2025,4,-6.0,56.0,-2.4752805773586757,48.44402842765647,0.3705620731898126
2025_04_TEN_HOU,2025,4,26.0,26.0,7.98286147340025,38.312866978270534,0.7532820945703529
2025_04_WAS_ATL,2025,4,7.0,61.0,-2.481988704417104,46.86553871829421,0.37031584873555484
2025_04_CIN_DEN,2025,4,25.0,31.0,2.8523638292335916,46.33707571882188,0.5765699550387132
2025_04_NYJ_MIA,2025,4,6.0,48.0,5.137472111423607,46.0411687619724,0.6611358670262051
2025_05_SF_LA,2025,5,-3.0,49.0,5.542234085188996,47.050527680506015,0.6752583382648182
2025_05_DAL_NYJ,2025,5,-15.0,59.0,0.18006266798909332,49.07733085884938,0.47205827804703115
2025_05_DEN_PHI,2025,5,-4.0,38.0,6.9295048647200375,47.62000322162356,0.7211970306355511
2025_05_DET_CIN,2025,5,-13.0,61.0,-7.957879769425748,50.394570278907494,0.19897561025105712
2025_05_HOU_BAL,2025,5,-34.0,54.0,6.399312170940778,45.76405246404884,0.7041128160949504
2025_05_LV_IND,2025,5,34.0,46.0,8.625411471530827,46.13722691180475,0.7715924086310054
2025_05_MIA_CAR,2025,5,3.0,51.0,-0.5946214830756142,46.84605532558539,0.441812212422007
2025_05_MIN_CLE,2025,5,-4.0,38.0,-9.80215403291571,38.23477181976886,0.15670149334936515
2025_05_NE_BUF,2025,5,-3.0,43.0,10.60875553129764,50.898572686134976,0.821930513891995
2025_05_NYG_NO,2025,5,12.0,40.0,1.5546894299839216,40.3030445543621,0.5260933220060932
2025_05_TB_SEA,2025,5,-3.0,73.0,3.3372352938222347,47.30573631242075,0.5950837693996989
2025_05_TEN_ARI,2025,5,-1.0,43.0,11.81920161402783,41.26662113810479,0.8481279819951122
2025_05_WAS_LAC,2025,5,-17.0,37.0,2.392416266907375,47.00293650886202,0.5588059562948112
2025_05_KC_JAX,2025,5,3.0,59.0,-1.2089904193202683,43.82386997833216,0.41811759498221696
2025_06_PHI_NYG,2025,6,17.0,51.0,-10.429598603753357,42.88674225024256,0.14408946967505346
2025_06_ARI_IND,2025,6,4.0,58.0,5.5624826984692515,46.32478433165476,0.6759567890299861
2025_06_CIN_GB,2025,6,9.0,45.0,8.249665982760922,46.77304434429456,0.7610030144479505
2025_06_CLE_PIT,2025,6,14.0,32.0,10.36336584141989,42.91842787207204,0.8162073611969517
2025_06_DAL_CAR,2025,6,3.0,57.0,-1.335121337494979,48.825478099175754,0.41329577460137273
2025_06_DEN_NYJ,2025,6,-2.0,24.0,-9.22959519916668,45.20503402012046,0.1689813844102814
2025_06_DET_KC,2025,6,13.0,47.0,-3.7699001177994123,50.66010730823166,0.3244127617911196
2025_06_LAC_MIA,2025,6,-2.0,56.0,-0.5249043771898778,45.781774758319564,0.4445199453612165
2025_06_LA_BAL,2025,6,-14.0,20.0,1.7935221225864697,46.560021397527315,0.535454876268323
2025_06_NE_NO,2025,6,-6.0,44.0,-1.8131016717218018,42.7235316017276,0.3951807622240017
2025_06_SEA_JAX,2025,6,-8.0,32.0,-0.5958810918527138,44.930669665667054,0.44176332196143847
2025_06_SF_TB,2025,6,11.0,49.0,4.830982626179363,48.91818204841253,0.6502462809812153
2025_06_TEN_LV,2025,6,10.0,30.0,3.7634777828172745,40.5875957611305,0.6111403166881393
2025_06_BUF_ATL,2025,6,10.0,38.0,-5.154812603280135,49.310575411575996,0.27857599544617245
2025_06_CHI_WAS,2025,6,-1.0,49.0,7.409703576098282,47.42866336281146,0.7361368070867593
2025_07_PIT_CIN,2025,7,2.0,64.0,-1.992023537521963,44.02347117971562,0.388470313396325
2025_07_ATL_SF,2025,7,10.0,30.0,2.478524771204329,44.767313095486564,0.5621445187361483
2025_07_CAR_NYJ,2025,7,-7.0,19.0,-0.6956010043563392,44.91380735220161,0.43789645127540167
2025_07_GB_ARI,2025,7,-4.0,50.0,-1.84910640670028,45.785809113683406,0.3938271403156253
2025_07_IND_LAC,2025,7,-14.0,62.0,-0.5816420666091933,47.15825474028875,0.44231606107839233
2025_07_LA_JAX,2025,7,-28.0,42.0,-4.412167529486256,42.86679824549349,0.3026623916911844
2025_07_LV_KC,2025,7,31.0,31.0,11.459077468762572,44.315604569902916,0.8406823201368011
2025_07_MIA_CLE,2025,7,25.0,37.0,-3.390422724303351,43.25336189232526,0.3376375515930447
2025_07_NE_TEN,2025,7,-18.0,44.0,-4.9137162999956825,41.60173349960041,0.2862657437141919
2025_07_NO_CHI,2025,7,12.0,40.0,4.493290713094169,42.82955670870746,0.6380643758004049
2025_07_NYG_DEN,2025,7,1.0,65.0,8.679989457072642,41.9838001016588,0.7731027555484403
2025_07_PHI_MIN,2025,7,-6.0,50.0,1.0993926015106155,44.13085540396245,0.5082015920158582
2025_07_WAS_DAL,2025,7,22.0,66.0,-1.2270127967563758,52.36731083203905,0.4174276411759063
2025_07_HOU_SEA,2025,7,8.0,46.0,2.7164144504945384,42.51335468304089,0.5713377851008818
2025_07_TB_DET,2025,7,15.0,33.0,5.273333604981877,55.70595630645205,0.6659098163051662
2025_08_MIN_LAC,2025,8,27.0,47.0,-0.30908586283094497,44.17324507038865,0.452922303936129
2025_08_BUF_CAR,2025,8,-31.0,49.0,-6.630962936483506,47.317080030056005,0.2343576967020263
2025_08_CHI_BAL,2025,8,14.0,46.0,5.908599488379888,44.01939553190826,0.6877727916664695
2025_08_CLE_NE,2025,8,19.0,45.0,8.597811029042441,42.66220381941166,0.7708259266671051
2025_08_DAL_DEN,2025,8,20.0,68.0,4.786852660086959,48.710791229652294,0.6486650295810819
2025_08_GB_PIT,2025,8,-10.0,60.0,-0.6393673739543648,47.191035430550855,0.44007614377516857
2025_08_MIA_ATL,2025,8,-24.0,44.0,3.428753172240329,42.89538473537189,0.598549723093946
2025_08_NYG_PHI,2025,8,18.0,58.0,11.006994704237544,46.152978628590795,0.8309198711885595
2025_08_NYJ_CIN,2025,8,-1.0,77.0,5.406041999834865,44.35863941836608,0.6705403903470564
2025_08_SF_HOU,2025,8,11.0,41.0,4.4619748996257735,42.15170897987868,0.6369253601408777
2025_08_TB_NO,2025,8,-20.0,26.0,-5.650500568704498,44.95764077282462,0.2631709352631267
2025_08_TEN_IND,2025,8,24.0,52.0,14.718984274096584,44.447398514406636,0.8981090480075846
2025_08_WAS_KC,2025,8,21.0,35.0,5.9821327367374355,48.45206480442173,0.6902526524389158
2025_09_BAL_MIA,2025,9,-22.0,34.0,-0.11947286259189482,46.6157526078053,0.4603267837622378
2025_09_ATL_NE,2025,9,1.0,47.0,7.837536218193563,46.052258630915176,0.7490066718126633
2025_09_CAR_GB,2025,9,-3.0,29.0,10.729927301549898,46.72869758052591,0.8247046652868659
2025_09_CHI_CIN,2025,9,-5.0,89.0,2.096120834893818,46.148257079708515,0.5472792627568276
2025_09_DEN_HOU,2025,9,-3.0,33.0,-0.0011557778961259757,43.27316852181902,0.46495622308009327
2025_09_IND_PIT,2025,9,7.0,47.0,-3.6540396407141915,50.05483037801604,0.32842208259254557
2025_09_JAX_LV,2025,9,-1.0,59.0,-1.3079932842584148,41.09697184133725,0.41433147554005295
2025_09_KC_BUF,2025,9,7.0,49.0,2.250840187349251,48.77028071241337,0.5533053897687367
2025_09_LAC_TEN,2025,9,-7.0,47.0,-8.210889605032637,42.78390528026649,0.19270475581945684
2025_09_MIN_DET,2025,9,-3.0,51.0,8.738353105692678,48.54539086490489,0.7747100413470386
2025_09_NO_LA,2025,9,24.0,44.0,13.813971153558416,41.404874047312056,0.8843156698078319
2025_09_SEA_WAS,2025,9,-24.0,52.0,-2.793176312620887,45.812061321968585,0.35896948335442525
2025_09_SF_NYG,2025,9,-10.0,58.0,-0.7808356233167362,45.908183036244424,0.4345972332605695
2025_09_ARI_DAL,2025,9,-10.0,44.0,2.3182586243066603,50.14531243104909,0.5559264684522058
2025_10_LV_DEN,2025,10,3.0,17.0,12.663749980589403,42.23936404243228,0.8644691474896935
2025_10_ARI_SEA,2025,10,22.0,66.0,7.895865993534104,45.15642381808121,0.7507286152185385
2025_10_ATL_IND,2025,10,6.0,56.0,7.382921156932294,46.34754938040091,0.7353172212896122
2025_10_BAL_MIN,2025,10,-8.0,46.0,-0.19433657063532817,44.72787122388113,0.4574010428240371
2025_10_BUF_MIA,2025,10,17.0,43.0,-7.163534556539844,47.77146925700374,0.21965334655103488
2025_10_CLE_NYJ,2025,10,7.0,47.0,3.5480748167368303,40.197878190801575,0.6030538525966375
2025_10_DET_WAS,2025,10,-22.0,66.0,-6.250705047476513,49.76564110262805,0.24526675124601172
2025_10_JAX_HOU,2025,10,7.0,65.0,6.861549982137866,40.58033931555957,0.719041412041112
2025_10_LA_SF,2025,10,-16.0,68.0,-3.4490905072810416,45.072006997207524,0.3355756504124739
2025_10_NE_TB,2025,10,-5.0,51.0,5.403522807392598,47.04957170701202,0.6704527925380892
2025_10_NO_CAR,2025,10,-10.0,24.0,6.268834715960715,40.286435714589615,0.6998165795053363
2025_10_NYG_CHI,2025,10,4.0,44.0,5.812629951441631,47.270945447262214,0.6845200484480904
2025_10_PIT_LAC,2025,10,15.0,35.0,3.3711664550447478,45.9315621714488,0.59636993213947
2025_10_PHI_GB,2025,10,-3.0,17.0,-0.49258117139942303,48.26037457190892,0.4457764706159658
2025_11_NYJ_NE,2025,11,13.0,41.0,7.843045869761408,45.84463710417268,0.7491696590578825
2025_11_BAL_CLE,2025,11,-7.0,39.0,-6.617283039651188,41.86914359887117,0.2347442520406145
2025_11_CAR_ATL,2025,11,-3.0,57.0,2.494711414233988,40.21757943118218,0.5627714818465457
2025_11_CHI_MIN,2025,11,-2.0,36.0,3.068161853785637,43.861778295638565,0.5848396014282708
2025_11_CIN_PIT,2025,11,22.0,46.0,2.4717194884981035,47.370314442372475,0.5618808678567571
2025_11_DET_PHI,2025,11,7.0,25.0,0.1918129122433858,50.58695554766098,0.47251919876576726
2025_11_GB_NYG,2025,11,-7.0,47.0,-5.129240585691736,47.1450700686959,0.27938557831423255
2025_11_HOU_TEN,2025,11,-3.0,29.0,-6.431466268990286,39.90800443556343,0.24003860506557367
2025_11_KC_DEN,2025,11,3.0,41.0,0.25187649896022,44.463643505521965,0.4748759969605659
2025_11_LAC_JAX,2025,11,29.0,41.0,-2.794527069990026,44.6292214239001,0.3589205645344274
2025_11_SEA_LA,2025,11,2.0,40.0,2.886456024797586,47.82165258410663,0.5778793920950941
2025_11_SF_ARI,2025,11,-19.0,63.0,1.5292504453039433,46.665578651220855,0.5250949886073121
2025_11_TB_BUF,2025,11,12.0,76.0,3.4897964757815307,48.4426280728084,0.6008561043326167
2025_11_WAS_MIA,2025,11,3.0,29.0,-0.3582084337054021,44.91182957738028,0.45100730289801905
2025_11_DAL_LV,2025,11,-17.0,49.0,-4.7142454982027235,45.15135805611212,0.29272301066056444
2025_12_BUF_HOU,2025,12,4.0,42.0,-1.4821370290953375,43.886026341566435,0.4076965288274754
2025_12_ATL_NO,2025,12,-14.0,34.0,0.1553939908491584,40.5278724524046,0.47109076858636184
2025_12_CLE_LV,2025,12,-14.0,34.0,2.3062578107206253,36.14105748996323,0.5554601269210144
2025_12_IND_KC,2025,12,3.0,43.0,0.5459326817243964,49.013907042826965,0.4864284841874133
2025_12_JAX_ARI,2025,12,-3.0,51.0,0.4017820504739791,45.18730644300676,0.48076270603201976
2025_12_MIN_GB,2025,12,17.0,29.0,5.820994873239194,41.466637531141856,0.6848042913870058
2025_12_NE_CIN,2025,12,-6.0,46.0,-4.166835803134843,49.59407128283908,0.31087343198213896
2025_12_NYG_DET,2025,12,7.0,61.0,12.504399284410688,48.78552035023587,0.8615037550013388
2025_12_NYJ_BAL,2025,12,13.0,33.0,8.842662124436902,44.26239849002019,0.7775624670517823
2025_12_PHI_DAL,2025,12,3.0,45.0,-3.7640709875118614,49.81724505919244,0.3246138693900279
2025_12_PIT_CHI,2025,12,3.0,59.0,1.1308500945360418,45.2377502617525,0.5094389750056824
2025_12_SEA_TEN,2025,12,-6.0,54.0,-12.165334743198027,41.790068833287044,0.11355640179256281
2025_12_TB_LA,2025,12,27.0,41.0,6.2327209771331695,46.414745633941635,0.6986211852819287
2025_12_CAR_SF,2025,12,11.0,29.0,6.402441072154852,45.79813505174569,0.7042154030194363
2025_13_CIN_BAL,2025,13,-18.0,46.0,9.351663950442672,47.17471624769486,0.7911099880967899
2025_13_GB_DET,2025,13,-7.0,55.0,3.9364433206649716,48.64683187720219,0.6175898769932916
2025_13_KC_DAL,2025,13,3.0,59.0,-2.013026072744901,51.10000071559898,0.38768532716359067
2025_13_CHI_PHI,2025,13,-9.0,39.0,7.570130516474235,46.80724519872419,0.7410119281627937
2025_13_ARI_TB,2025,13,3.0,37.0,5.148722459153364,45.86322086415406,0.6615324496426789
2025_13_ATL_NYJ,2025,13,3.0,51.0,-0.20723735573974622,43.19944761007937,0.45689715954234167
2025_13_BUF_PIT,2025,13,-19.0,33.0,-3.3912494188323143,47.71204224378506,0.33760845395426237
2025_13_DEN_WAS,2025,13,-1.0,53.0,-5.1114336862502014,45.467226728694804,0.2799501758478971
2025_13_HOU_IND,2025,13,-4.0,36.0,4.7726148669653945,45.20061723263593,0.6481541665436308
2025_13_JAX_TEN,2025,13,-22.0,28.0,-6.173574555419986,41.808793713588344,0.24752085236595178
2025_13_LA_CAR,2025,13,3.0,59.0,-9.269949616667644,42.937333258826925,0.1680913587102149
2025_13_LV_LAC,2025,13,17.0,45.0,12.207268543256726,39.59047833630227,0.8558290597736568
2025_13_MIN_SEA,2025,13,26.0,26.0,9.819580577504377,41.71979918954715,0.803019500090802
2025_13_NO_MIA,2025,13,4.0,38.0,9.268768715647965,40.35784848488726,0.7889457454175594
2025_13_SF_CLE,2025,13,-18.0,34.0,-2.9796778170420066,41.93069331647499,0.352243298633536
2025_13_NYG_NE,2025,13,18.0,48.0,10.84216731512191,48.632696305985675,0.8272438640338742
2025_14_DAL_DET,2025,14,14.0,74.0,5.488597922042905,53.04714471540015,0.6734044587346742
2025_14_CHI_GB,2025,14,7.0,49.0,5.344322618389194,47.02886950640887,0.6683908740547199
2025_14_CIN_BUF,2025,14,5.0,73.0,8.64778568962133,48.926661906572804,0.7722124292775504
2025_14_DEN_LV,2025,14,-7.0,41.0,-8.616359569726574,40.79355362595004,0.18297100812547315
2025_14_HOU_KC,2025,14,-10.0,30.0,4.562584169916885,44.028120917737915,0.6405791890034669
2025_14_IND_JAX,2025,14,17.0,55.0,-0.24122635969401918,46.874217305013275,0.45557003029026805
2025_14_LA_ARI,2025,14,-28.0,62.0,-6.64142154487903,46.84661433094401,0.23406246397384284
2025_14_MIA_NYJ,2025,14,-24.0,44.0,-0.9220999034634594,43.54332819717647,0.42914212045988986
2025_14_NO_TB,2025,14,-4.0,44.0,10.167204587136137,41.32649141047435,0.8115306230211975
2025_14_PIT_BAL,2025,14,-5.0,49.0,5.648215661981794,43.73896748833987,0.678905339936262
2025_14_SEA_ATL,2025,14,-28.0,46.0,-5.889285682052117,44.06908192630727,0.2559484226830046
2025_14_TEN_CLE,2025,14,-2.0,60.0,5.954321778250239,34.65923347268637,0.6893160222026762
2025_14_WAS_MIN,2025,14,31.0,31.0,2.2879189332992316,40.684090805256474,0.5547473050813484
2025_14_PHI_LAC,2025,14,3.0,41.0,0.02823452930971415,43.61180537274998,0.4661071574353682
2025_15_ATL_TB,2025,15,-1.0,57.0,5.410470876985691,42.78537918586228,0.6706943633320258
2025_15_ARI_HOU,2025,15,20.0,60.0,10.548051279541895,43.450998599262476,0.8205278498052455
2025_15_BAL_CIN,2025,15,-24.0,24.0,-2.001470729458736,49.25376017543979,0.3881171453195672
2025_15_BUF_NE,2025,15,-4.0,66.0,1.6922385697951599,50.820952403752344,0.5314875177363511
2025_15_CAR_NO,2025,15,3.0,37.0,-2.6560791914923088,38.89125314913158,0.3639496824138209
2025_15_CLE_CHI,2025,15,28.0,34.0,8.825937433874108,42.070913469942916,0.7771068562247319
2025_15_DET_LA,2025,15,7.0,75.0,3.2466306408547236,50.391600401385844,0.5916430353685619
2025_15_GB_DEN,2025,15,8.0,60.0,2.199433618506202,45.00110395461568,0.5513048157663634
2025_15_IND_SEA,2025,15,2.0,34.0,6.613057868622448,47.51495182758042,0.7110731260508801
2025_15_LAC_KC,2025,15,-3.0,29.0,3.097703138997888,43.59287780440477,0.5859680595144113
2025_15_LV_PHI,2025,15,31.0,31.0,12.789189689970742,37.362686995065374,0.8667656676734544
2025_15_MIN_DAL,2025,15,-8.0,60.0,4.286041631968455,45.72287977870617,0.6304980430020689
2025_15_NYJ_JAX,2025,15,28.0,68.0,10.580545172074801,41.487114720570894,0.8212797414711982
2025_15_TEN_SF,2025,15,13.0,61.0,14.211992731038155,42.875255040454796,0.8905716213874831
2025_15_WAS_NYG,2025,15,-8.0,50.0,1.9922563002965499,47.499251512221775,0.5432259680234266
2025_15_MIA_PIT,2025,15,13.0,43.0,1.9435176671171996,42.91067620251035,0.5413219432813209
2025_16_LA_SEA,2025,16,1.0,75.0,1.9170512191802107,47.93682359055279,0.5402874949531152
2025_16_GB_CHI,2025,16,6.0,38.0,0.6843405000264655,47.517737963869656,0.49187184597280875
2025_16_PHI_WAS,2025,16,-11.0,47.0,-6.340362360420325,45.20060643059626,0.24266402907273177
2025_16_ATL_ARI,2025,16,-7.0,45.0,0.18110229795855703,45.528195659909215,0.4720990571616541
2025_16_BUF_CLE,2025,16,-3.0,43.0,-10.107424375670755,43.46493581486149,0.1504565658519303
2025_16_CIN_MIA,2025,16,-24.0,66.0,4.924893851207103,44.83405784999204,0.6536002717756427
2025_16_JAX_DEN,2025,16,-14.0,54.0,2.5381992277572323,43.815904144605554,0.5644549127872235
2025_16_KC_TEN,2025,16,17.0,35.0,-8.479610800751699,43.76629863223535,0.1862104874298232
2025_16_LAC_DAL,2025,16,-17.0,51.0,-0.13949843541914486,49.39106974727428,0.4595438900397455
2025_16_LV_HOU,2025,16,2.0,44.0,15.905736584976534,38.087091144355334,0.91397541600942
2025_16_MIN_NYG,2025,16,-3.0,29.0,-2.6413138916158494,42.3504380005037,0.36448781295537
2025_16_NE_BAL,2025,16,-4.0,52.0,0.5038398320037007,46.360639519029355,0.48477361741429226
2025_16_NYJ_NO,2025,16,23.0,35.0,3.6002443075406,39.339718719689735,0.605017709916766
2025_16_PIT_DET,2025,16,-5.0,53.0,5.7714838958679975,48.23943473083411,0.683119883153052
2025_16_TB_CAR,2025,16,3.0,43.0,-0.47704043116487327,43.30754647585752,0.44638084577258
2025_16_SF_IND,2025,16,-21.0,75.0,1.455708174158135,48.15602088655179,0.522207778458166
2025_17_DAL_WAS,2025,17,-7.0,53.0,-1.9333304169965753,51.47595566010122,0.3906670732209713
2025_17_DEN_KC,2025,17,-7.0,33.0,0.7734774066572121,43.63190960043009,0.4953785620065575
2025_17_DET_MIN,2025,17,13.0,33.0,-2.3136455337142148,42.500354963911015,0.3765150438819858
2025_17_BAL_GB,2025,17,-17.0,65.0,3.930180795702606,45.71962605130371,0.617357065327847
2025_17_HOU_LAC,2025,17,-4.0,36.0,1.351491446409688,41.96169414708978,0.518113817034263
2025_17_ARI_CIN,2025,17,23.0,51.0,4.611377222727759,50.247664420497784,0.6423453842711343
2025_17_CHI_SF,2025,17,4.0,80.0,3.5695489305109342,50.059804353919894,0.6038626257000128
2025_17_JAX_IND,2025,17,-6.0,40.0,-1.5705987653435582,46.75960368439741,0.4043387863089696
2025_17_NE_NYJ,2025,17,-32.0,52.0,-9.325359837485156,45.24750142980871,0.1668753734937911
2025_17_NO_TEN,2025,17,-8.0,60.0,-0.4851311082845382,39.606785350908005,0.44606618164694356
2025_17_NYG_LV,2025,17,-24.0,44.0,-0.521651924835306,41.18688664766134,0.4446463486590463
2025_17_PHI_BUF,2025,17,-1.0,25.0,3.1848075587978775,46.97665143977302,0.5892901010723605
2025_17_PIT_CLE,2025,17,7.0,19.0,-5.412881769947823,39.88120280134586,0.2704869325990946
2025_17_SEA_CAR,2025,17,-17.0,37.0,-8.22745678231312,45.147162332303,0.19229943336220243
2025_17_TB_MIA,2025,17,3.0,37.0,1.2399029002279969,42.603916780335446,0.5137275840136133
2025_17_LA_ATL,2025,17,3.0,51.0,-7.713044968080368,47.52577739288233,0.20518869039223378
2025_18_CAR_TB,2025,18,2.0,30.0,4.643675311110695,41.95982624817485,0.6435123808991577
2025_18_SEA_SF,2025,18,-10.0,16.0,-1.1968828040358876,50.39113000371597,0.4185812931031528
2025_18_ARI_LA,2025,18,17.0,57.0,15.14560938665984,49.4386237210751,0.9040913831391685
2025_18_BAL_PIT,2025,18,2.0,50.0,0.5239728395927838,43.91056866090253,0.4855651006723235
2025_18_CLE_CIN,2025,18,-2.0,38.0,7.227520861081761,44.60909619494342,0.7305296782096493
2025_18_DAL_NYG,2025,18,17.0,51.0,-3.275038364828253,51.09477249531755,0.34171078466861676
2025_18_DET_CHI,2025,18,-3.0,35.0,0.3141903173736944,49.64873666822974,0.4773222727146484
2025_18_GB_MIN,2025,18,13.0,19.0,2.060962673792223,39.909222647361204,0.5459078964531122
2025_18_IND_HOU,2025,18,8.0,68.0,6.045350815863594,45.01244660333969,0.6923759334628199
2025_18_KC_LV,2025,18,2.0,26.0,-8.326003103715353,38.586973789662395,0.18990188250766313
2025_18_LAC_DEN,2025,18,16.0,22.0,4.1028967032672305,43.31841644654176,0.623757772219259
2025_18_MIA_NE,2025,18,28.0,48.0,9.783709256022021,48.220755999640204,0.8021249295762604
2025_18_NO_ATL,2025,18,2.0,36.0,3.3863644214447,41.4757598806926,0.5969455838999357
2025_18_NYJ_BUF,2025,18,27.0,43.0,16.038062710964684,43.816046941135205,0.9155988484296375
2025_18_TEN_JAX,2025,18,34.0,48.0,15.06732039571508,43.265278059355545,0.9030176203063297
2025_18_WAS_PHI,2025,18,-7.0,41.0,10.336909882552995,42.30379341734053,0.8155819018242028
2025_19_GB_CHI,2025,19,4.0,58.0,3.38331320845285,43.82082066136202,0.5968300347969203
2025_19_LA_CAR,2025,19,-3.0,65.0,-7.684805304144621,47.33945704758574,0.20591449733975192
2025_19_BUF_JAX,2025,19,-3.0,51.0,2.2823258772213397,48.6683889287293,0.5545298611712377
2025_19_LAC_NE,2025,19,13.0,19.0,8.170642908684975,45.570413698830436,0.758733595809273
2025_19_SF_PHI,2025,19,-4.0,42.0,2.2092947317317617,43.63899566320309,0.5516887084961312
2025_19_HOU_PIT,2025,19,-24.0,36.0,-0.9941014879116854,43.03814606532062,0.42636820400622366
2025_20_BUF_DEN,2025,20,3.0,63.0,1.9860253317771592,45.938989081364355,0.5429826180651308
2025_20_SF_SEA,2025,20,35.0,47.0,8.274849148815413,46.67225277993968,0.7617231511246026
2025_20_HOU_NE,2025,20,12.0,44.0,3.978836070096892,46.987693531590345,0.6191644192960667
2025_20_LA_CHI,2025,20,-3.0,37.0,-1.620569704416639,52.135119645146176,0.402445968607786
2025_21_LA_SEA,2025,21,4.0,58.0,4.392754789696081,48.15660383248988,0.634402250111239
2025_21_NE_DEN,2025,21,-3.0,17.0,-0.910440404884231,45.71459091059409,0.4295917354524769
2025_22_SEA_NE,2025,22,-16.0,42.0,-2.203199146023621,44.75281225441795,0.3806044243734393
